index,category,name,slug,sortOrder,isActive,id
"1","banners-displays","Deluxe Roll-Up Banner Stand","deluxe-rollup-banner","-10","false","cmlh52pw8000kun40yt0f2dms"
"2","banners-displays","Deluxe Tabletop Retractable - A3","deluxe-tabletop-retractable-a3","-10","true","cmlh52ozo000aun40bazl1ndm"
"3","banners-displays","L-Base Banner Stand","l-base-banner-stand","-10","false","cmlh52pk9000gun40tl1c7aso"
"4","banners-displays","Retractable Banner Stand - Premium","retractable-banner-stand-premium","-10","false","cmlh52o1r0000un40gxopntkw"
"5","banners-displays","Tabletop Banner - A3","tabletop-banner-a3","-10","false","cmlh52ot80008un40xo722z22"
"6","banners-displays","Tabletop Banner - A4","tabletop-banner-a4","-10","false","cmlh52on10006un4023hxvq0t"
"7","banners-displays","Tabletop X-Banner Stand","tabletop-x-banner","-10","true","cmlh52pq6000iun40zhg33efb"
"8","banners-displays","X-Banner Stand - Large","x-banner-stand-large","-10","false","cmlh52oh00004un40lsmac936"
"9","banners-displays","X-Banner Stand - Standard","x-banner-stand-standard","-10","false","cmlh52oap0002un403rgccyge"
"10","banners-displays","10x10 Canopy Tent Frame","tent-frame-10x10","0","false","cmlfdn97d004qunhoz52qwk6j"
"11","banners-displays","13oz Vinyl Banner","vinyl-banner-13oz","0","false","cmlfdmv7y000eunhofumo6s1g"
"12","banners-displays","Backdrop Board","backdrop-board","0","false","cmlfdnhjt007gunho1084thc9"
"13","banners-displays","Backdrop Stand Hardware","backdrop-stand-hardware","0","false","cmlfdn8vh004munhoiam76op2"
"14","banners-displays","Banner Hems (Service)","banner-hems","0","false","cmlfdnbd2005gunho4bencuc2"
"15","banners-displays","Banner Mounting Tape (Add-on)","double-sided-tape","0","false","cmlfdnc0y005ounhoceis922l"
"16","banners-displays","Blockout Banners","blockout-banners","0","false","cmlfdn3n2002yunhow17bvs8r"
"17","banners-displays","Canopy Tent Side Walls Set","tent-walls-set","0","false","cmlfdn9dc004sunhojpf7tz79"
"18","banners-displays","Canvas Prints","canvas-prints","0","false","cmlfdnk1v008aunho6w9s7ox9"
"19","banners-displays","Custom Printed Tent Top","tent-custom-print","0","false","cmlprneub000iu9r40fn9hgf3"
"20","banners-displays","Drilled Holes (Service)","drilled-holes-service","0","false","cmlfdnbou005kunhogci350lx"
"21","banners-displays","Fabric Banner","fabric-banner","0","false","cmlprndui0008u9r4r0j37sfs"
"22","banners-displays","Feather Flag","feather-flag","0","false","cmlfdnjk40084unho1jlf4xsi"
"23","banners-displays","Feather Flag Pole Set","feather-flag-pole-set","0","false","cmlfdn9j6004uunhoyw00koce"
"24","banners-displays","Feather Flags","feather-flags","0","true","cmlfdn3z70032unhommj6oupq"
"25","banners-displays","Flag Cross Base","flag-bases-cross","0","false","cmlfdn9v1004yunhovyk0hlve"
"26","banners-displays","Flag Ground Stake","flag-base-ground-stake","0","false","cmlfdna0s0050unhoqsf3way0"
"27","banners-displays","Flag Water Bag","flag-base-water-bag","0","false","cmlfdna6w0052unhoabcwqlbg"
"28","banners-displays","Grommets (Service)","grommets-service","0","false","cmlfdnb79005eunhoz7m4al8z"
"29","banners-displays","Hanging Fabric Banner","fabric-banner-hanging","0","false","cmlprneb8000cu9r40dbb8afw"
"30","banners-displays","Heavy-Duty Mesh Banner","mesh-banner-heavy-duty","0","false","cmlprndm30006u9r48pcax6zm"
"31","banners-displays","Installation Service","installation-service","0","false","cmlfdnccz005sunho080iqun1"
"32","banners-displays","L-Base Banner Stand (Hardware)","banner-stand-l-base","0","false","cmlfdnaon0058unhojtw4pbw5"
"33","banners-displays","Media Wall Pop-Up Frame","media-wall-pop-up","0","false","cmlfdnje00082unhol0bjpykv"
"34","banners-displays","Mesh Banner (Wind Proof)","mesh-banner","0","false","cmlfdmve8000gunhoyb4t9po4"
"35","banners-displays","Mesh Banners","mesh-banners","0","true","cmlfdn3a9002uunho2qphb2yy"
"36","banners-displays","Pillowcase Display","pillowcase-display-frame","0","false","cmlfdnj1y007yunho2yaosc2k"
"37","banners-displays","Pole Banner Hardware Kit","pole-banner-hardware-kit","0","false","cmlprndg40004u9r4w0wm3tjn"
"38","banners-displays","Pole Banners","pole-banners","0","true","cmlfdn3t10030unhoh6esi1ye"
"39","banners-displays","Pole Banners - One-Sided","pole-banner-single-sided","0","false","cmlprnczj0000u9r44mjzrfvo"
"40","banners-displays","Pole Banners - Two-Sided","pole-banner-double-sided","0","false","cmlprnd9h0002u9r4stwmu8e7"
"41","banners-displays","Pole Pockets (Service)","pole-pockets","0","false","cmlfdnbiz005iunhogsmlr78n"
"42","banners-displays","Pull Up Banner","pull-up-banner","0","false","cmlfdniq6007uunho56l9wth1"
"43","banners-displays","Roll-Up Banners","roll-up-banners","0","true","cmlfdn4i90038unho3vfoe6f8"
"44","banners-displays","Roll-Up Stand (Hardware)","banner-stand-rollup","0","false","cmlfdnaiq0056unho1bc087nd"
"45","banners-displays","Roll-Up Stand Hardware","roll-up-stand-hardware","0","false","cmlfdn8pt004kunhojvhx0x87"
"46","banners-displays","Standoff Hardware Set","standoff-hardware-set","0","false","cmlfdnbur005munhoisfipjxr"
"47","banners-displays","Step & Repeat Backdrops","step-repeat-backdrops","0","false","cmlfdn4om003aunho0bbz7m8s"
"48","banners-displays","Step & Repeat Stand Kit","step-and-repeat-stand-kit","0","false","cmlfdn91h004ounhorz1g7xti"
"49","banners-displays","Table Cloth","table-cloth","0","true","cmlfdnjvy0088unho1k3osvz0"
"50","banners-displays","Table Easel Display","table-easel-display","0","false","cmlh3qgtw000hunwgk7h8sl9o"
"51","banners-displays","Teardrop Flag","teardrop-flag","0","false","cmlfdnjq20086unhohqmd1m5i"
"52","banners-displays","Teardrop Flag Pole Set","teardrop-flag-pole-set","0","false","cmlfdn9p3004wunhokyw7xj7h"
"53","banners-displays","Teardrop Flags","teardrop-flags","0","true","cmlfdn45h0034unhott9dwyes"
"54","banners-displays","Telescopic Backdrop","telescopic-backdrop","0","true","cmlfdnj7y0080unhocmi5mbyo"
"55","banners-displays","Tension Fabric Display 10ft","tension-fabric-display-10ft","0","false","cmlprnf6w000mu9r482ae06b5"
"56","banners-displays","Tension Fabric Display 8ft","tension-fabric-display-8ft","0","false","cmlprnf01000ku9r4a2tinnfa"
"57","banners-displays","Tent Half Walls","tent-half-walls","0","false","cmlprnenp000gu9r49ju9sb9w"
"58","banners-displays","Two-Sided Banners","double-sided-banners","0","true","cmlfdn3gu002wunhozhlkrrom"
"59","banners-displays","Two-Sided Fabric Banner","fabric-banner-double-sided","0","false","cmlprne4f000au9r4wtsvuhio"
"60","banners-displays","Velcro Strips (Add-on)","velcro-strips","0","false","cmlfdnc6z005qunhoidbsjxl2"
"61","banners-displays","Vinyl Banners","vinyl-banners","0","true","cmlfdn340002sunhoyxaltaw8"
"62","banners-displays","X-Banner Prints","x-banner-prints","0","false","cmlfdn4bo0036unhocp8sxd9v"
"63","banners-displays","X-Banner Stand with Print","x-banner-frame-print","0","true","cmlfdniw4007wunho2hoq02i0"
"64","banners-displays","X-Stand (Hardware)","banner-stand-x","0","false","cmlfdnacq0054unho2ng4v5wm"
"65","banners-displays","X-Stand Hardware","x-stand-hardware","0","false","cmlfdn8ju004iunhojm0fz7ru"
"66","banners-displays","Curved Pop-Up Display 8ft","popup-display-curved-8ft","20","true","cmljyixmg0000unbwu2necwko"
"67","banners-displays","Straight Pop-Up Display 8ft","popup-display-straight-8ft","21","false","cmljyixpr0001unbwho51fhug"
"68","banners-displays","Step & Repeat Backdrop 8×8","step-repeat-backdrop-8x8","22","false","cmljyixrm0002unbwkvw6uhxy"
"69","banners-displays","Tension Fabric Display 3×3","tension-fabric-display-3x3","23","false","cmljyixtk0003unbwwjzpmkby"
"70","banners-displays","Feather Flag — Medium","feather-flag-medium","24","false","cmljyixvm0004unbw9t0qgqf6"
"71","banners-displays","Feather Flag — Large","feather-flag-large","25","false","cmljyixxl0005unbw1bi2e86z"
"72","banners-displays","Teardrop Flag — Medium","teardrop-flag-medium","26","false","cmljyixzm0006unbwy67d1uxh"
"73","banners-displays","Branded Table Cover — 6ft","branded-table-cover-6ft","27","false","cmljyiy1k0007unbwy2wdhvx8"
"74","banners-displays","Branded Table Runner","branded-table-runner","28","false","cmljyiy3j0008unbwdypgvn4f"
"75","banners-displays","Outdoor Canopy Tent 10×10","outdoor-canopy-tent-10x10","29","true","cmljyiy5d0009unbwxp99oohg"
"76","canvas-prints","2-Panel Canvas Set (Diptych)","canvas-split-2","0","true","cmlrmosoy000aunnojdsxbmia"
"77","canvas-prints","3-Panel Canvas Set (Triptych)","canvas-split-3","0","true","cmlrmosqz000cunnozkg9wawg"
"78","canvas-prints","5-Panel Canvas Set","canvas-split-5","0","true","cmlrmossy000eunnonmkypsbp"
"79","canvas-prints","Canvas Prints - Standard","canvas-prints-standard","0","true","cmlpog3630002u9kgrblovaqu"
"80","canvas-prints","Framed Canvas Print","canvas-framed","0","true","cmlrmosl10006unnoip9pq38m"
"81","canvas-prints","Framed Canvas Prints","framed-canvas-prints","0","true","cmlpog3c00005u9kgz4on8m07"
"82","canvas-prints","Gallery Wrap Canvas","canvas-gallery-wrap","0","true","cmlrmosj10004unnoncyjrtvk"
"83","canvas-prints","Gallery Wrap Canvas Prints","gallery-wrap-canvas-prints","0","true","cmlpog3ez0008u9kgx5whtlbd"
"84","canvas-prints","Panoramic Canvas Print","canvas-panoramic","0","true","cmlrmosn00008unno1swrmr6r"
"85","canvas-prints","Panoramic Canvas Prints","panoramic-canvas-prints","0","true","cmlpog3ht000bu9kguc24lfaf"
"86","canvas-prints","Split Panel Canvas Sets","split-panel-canvas-prints","0","true","cmlpog3ki000eu9kg6ie9ztx5"
"87","canvas-prints","Standard Canvas Print","canvas-standard","0","true","cmlrmosfs0002unnoqruhpylb"
"88","custom-stickers","Custom Die-Cut Stickers","die-cut-singles","0","false","cmlfdmtxe0000unhorgrvvyid"
"89","marketing-business-print","Brochures 折页","mp-brochures","0","false","cmlprngxq000su9r4jd4uvbxk"
"90","marketing-business-print","Business Cards 名片","mp-business-cards","0","false","cmlprngmz000ou9r47dxysom1"
"91","marketing-business-print","Calendars","calendars-wall-desk","0","true","cmlfdnik0007sunhoa4amoeur"
"92","marketing-business-print","Carbonless Invoice Books","ncr-invoice-books","0","true","cmlfdnk7s008cunhoieukijxk"
"93","marketing-business-print","Certificates","bf-certificates","0","false","cmlfiqcpz000sunfsbd9f3iid"
"94","marketing-business-print","Certificates 证书","mp-certificates","0","false","cmlprnh8a000uu9r45iqzf3ml"
"95","marketing-business-print","Coupons","rp-coupons","0","false","cmlfiqdm20010unfs59soyu25"
"96","marketing-business-print","Coupons 优惠券","mp-coupons","0","false","cmlprnhde000wu9r4fysqysrz"
"97","marketing-business-print","Dangler","danglers","0","true","cmlfdnkyw008kunhoik4djh9b"
"98","marketing-business-print","Door Hangers 门挂牌","mp-door-hangers","0","false","cmlprnhtz0012u9r44o6hc86d"
"99","marketing-business-print","Flyers 传单","mp-flyers","0","false","cmlprngsa000qu9r420cmpth6"
"100","marketing-business-print","Hang Tags","rp-hang-tags","0","false","cmlfiqe0e0014unfsvm702iu0"
"101","marketing-business-print","Letterhead","bf-letterhead","0","false","cmlfiqcwk000uunfss736padh"
"102","marketing-business-print","Letterhead 信纸","mp-letterhead","0","false","cmlprnij20018u9r4h0zss2fz"
"103","marketing-business-print","Menus","rp-menus","0","false","cmlfiqdfi000yunfsaq2l4g5c"
"104","marketing-business-print","Menus 菜单","mp-menus","0","false","cmlprnhip000yu9r42dftlnly"
"105","marketing-business-print","Notepads","bf-notepads","0","false","cmlfiqd38000wunfsi1watnh1"
"106","marketing-business-print","Notepads 记事本","mp-notepads","0","false","cmlprnio7001au9r49681dikf"
"107","marketing-business-print","Order Form Pads","order-form-pads","0","true","cmlfdnkds008eunho9j9lmkga"
"108","marketing-business-print","Packaging Inserts","packaging-inserts","0","true","cmlfdn6o7003wunhoy4bakrvq"
"109","marketing-business-print","Packaging Inserts","inserts-packaging","0","true","cmlrnvkeu000au9h4256aib20"
"110","marketing-business-print","Packing Slips","packing-slips","0","true","cmlfdn7cc0044unhow4b9land"
"111","marketing-business-print","Postcards 明信片","mp-postcards","0","false","cmlprnhny0010u9r4o0jzu7t6"
"112","marketing-business-print","Presentation Folders 展示文件夹","mp-presentation-folders","0","false","cmlprni8u0016u9r4zqs5p24r"
"113","marketing-business-print","Release / Waiver Forms","release-waiver-forms","0","true","cmlfdnkjq008gunhoovlz0vxz"
"114","marketing-business-print","Shelf Displays","shelf-displays","0","true","cmlrnvkal0007u9h485hcbsbk"
"115","marketing-business-print","Shelf Talkers","shelf-talkers","0","true","cmlfdnl4x008munho55lxbg48"
"116","marketing-business-print","Sticker Seals","sticker-seals","0","true","cmlfdn76h0042unho4xbgfc23"
"117","marketing-business-print","Table Tent Cards","table-tent-cards","0","true","cmlfdnle5008ounho1zjv8wsj"
"118","marketing-business-print","Table Tents","table-tents","0","true","cmlrnvkby0008u9h48txcf8uq"
"119","marketing-business-print","Thank You Cards","thank-you-cards","0","true","cmlfdn6h4003uunho9jq5yklg"
"120","marketing-business-print","Tickets","rp-tickets","0","false","cmlfiqds40012unfsrudkkk0a"
"121","marketing-business-print","Tickets 门票","mp-tickets","0","false","cmlprni1a0014u9r4wjl03iad"
"122","marketing-business-print","Wobbler","wobblers","0","true","cmlfdnksw008iunhojuvhq6vp"
"123","marketing-business-print","Business Cards","business-cards","1","false","cmlfdn4uo003cunho0utd9y4x"
"124","marketing-business-print","Business Cards — Classic ","business-cards-classic","1","true","cmlhhggjb0001unl4kip6ch76"
"125","marketing-business-print"," Business Cards - Gloss","business-cards-gloss","2","true","cmlhhggmg0003unl45or3wtix"
"126","marketing-business-print","Business Cards — Matte Laminated","business-cards-matte","3","true","cmlhhggog0005unl48fv0x4ov"
"127","marketing-business-print","Business Cards — Soft Touch","business-cards-soft-touch","4","true","cmlhhggqg0007unl4iyidppvj"
"128","marketing-business-print","Business Cards — Gold Foil","business-cards-gold-foil","5","true","cmlhhggsc0009unl4ftxxval2"
"129","marketing-business-print","Business Cards — Linen Texture","business-cards-linen","6","true","cmlhhggu9000bunl4oi3a23h4"
"130","marketing-business-print","Business Cards — Pearl / Shimmer","business-cards-pearl","7","true","cmlhhggw5000dunl4fmiblooy"
"131","marketing-business-print","Business Cards — Thick (18pt)","business-cards-thick","8","true","cmlhhggya000funl4jrz49aj5"
"132","marketing-business-print","Flyers","flyers","10","false","cmlfdn514003eunhokc79ocf1"
"133","marketing-business-print","Small Flyer","flyers-small","10","true","cmljxa5n10000unigoga9x06u"
"134","marketing-business-print","Flyers Standard","flyers-standard","11","true","cmljxa5qq0001unigbgu5pzab"
"135","marketing-business-print","Postcards","postcards","11","true","cmlfdn57g003gunhoyfxgtfc0"
"136","marketing-business-print","Brochures","brochures","12","true","cmlfdn5ew003iunhot1x8xofh"
"137","marketing-business-print","Large Flyer","flyers-large","12","true","cmljxa5sv0002unig9abb4hhi"
"138","marketing-business-print","Posters","posters","13","true","cmlfdn6aj003sunhowt8c7dxd"
"139","marketing-business-print","Booklets","booklets","14","true","cmlfdn5l2003kunhom8dyzn4h"
"140","marketing-business-print","Menus","menus","15","true","cmlfdndlh0066unhokuskf20c"
"141","marketing-business-print","Envelopes","envelopes","16","true","cmlfdnf64006ounhoi114j41k"
"142","marketing-business-print","Self-Inking Stamps (S/R Series)","self-inking-stamps","17","false","cmlgw9tb90000unzkpfduzm4j"
"143","marketing-business-print","Rack Cards","rack-cards","18","false","cmlfdn5rb003munho89rez0pc"
"144","marketing-business-print","Door Hangers","door-hangers","19","false","cmlfdn5xr003ounho4ght3v48"
"145","marketing-business-print","Marketing Postcards","postcards-standard","20","true","cmljxa5up0003unigl76a8bnk"
"146","marketing-business-print","Presentation Folders","presentation-folders","20","true","cmlfdn648003qunho9ekdjs50"
"147","marketing-business-print","Carbonless Invoices","ncr-invoices","21","true","cmlfdnfc0006qunho9j3ut3oz"
"148","marketing-business-print","Medium Postcard","postcards-medium","21","true","cmljxa5wp0004unignw7z9un5"
"149","marketing-business-print","Large Postcard","postcards-large","22","true","cmljxa5yu0005uniga4wnr8sy"
"150","marketing-business-print","Letterhead","letterhead","22","true","cmlfdnfi1006sunhohlh658wd"
"151","marketing-business-print","EDDM Postcard","postcards-eddm","23","true","cmljxa60v0006unigatmsijl6"
"152","marketing-business-print","Notepads","notepads","23","true","cmlfdnfns006uunhob0bectq2"
"153","marketing-business-print","Greeting Cards","greeting-cards","24","true","cmlfdnf0d006munhoh74s2law"
"154","marketing-business-print","Invitation Cards","invitation-cards","25","true","cmlfdneul006kunhoxtt268gv"
"155","marketing-business-print","Certificates","certificates","26","true","cmlfdnd9j0062unhouk5ahu0w"
"156","marketing-business-print","Coupons","coupons","27","true","cmlfdndff0064unho0g52msuu"
"157","marketing-business-print","Bookmarks","bookmarks","28","true","cmlfdndsk0068unhon45ef0cl"
"158","marketing-business-print","Bi-Fold Brochure","brochures-bi-fold","30","true","cmljxa62v0007unigotznev6n"
"159","marketing-business-print","Tickets","tickets","30","true","cmlfdnebb006eunhofm1edcr9"
"160","marketing-business-print","Calendars","calendars","31","true","cmlfdnehf006gunho5iogx29u"
"161","marketing-business-print","Tri-Fold Brochure","brochures-tri-fold","31","true","cmljxa64w0008unig9zrijxjf"
"162","marketing-business-print","Catalog / Booklets","catalog-booklets","32","false","cmlfdnclw005uunhoj8f6zkrd"
"163","marketing-business-print","Z-Fold Brochure","brochures-z-fold","32","true","cmljxa66v0009unig5nnz85ab"
"164","marketing-business-print","Product Inserts","product-inserts","33","true","cmlfdncru005wunho55ycb5ss"
"165","marketing-business-print","Box Sleeves","box-sleeves","34","true","cmlfdnenb006iunho5t8e8ked"
"166","marketing-business-print","Order Form","order-forms-single","35","true","cmlfdncxr005yunhoc4hmh3tn"
"167","marketing-business-print","Cardstock Prints (14pt) — Custom Size","cardstock-prints","36","true","cmlhderqd0002uncgutdyuvgx"
"168","marketing-business-print","Release / Waiver Form","release-forms","37","true","cmlfdnd3l0060unhojmw6if2o"
"169","marketing-business-print","Table Display Cards","table-display-cards","38","true","cmlfdndze006aunhocldwfrzx"
"170","marketing-business-print","Glossy Poster","posters-glossy","40","true","cmljxa691000aunig5xmts500"
"171","marketing-business-print","Matte Poster","posters-matte","41","true","cmljxa6b1000bunig8osd1w1r"
"172","marketing-business-print","Adhesive Poster","posters-adhesive","42","true","cmljxa6d0000cunig3xznq887"
"173","marketing-business-print","Backlit Poster","posters-backlit","43","true","cmljxa6f0000dunig6pwkxf1d"
"174","marketing-business-print","Booklets — Saddle Stitch","booklets-saddle-stitch","50","true","cmljxa6h1000eunigwbntqt49"
"175","marketing-business-print","Self-Inking Stamp — S827 (60 × 40 mm)","stamps-s827","50","true","cmli8m4qn0000unbse1ndt0id"
"176","marketing-business-print","Booklets — Perfect Bound","booklets-perfect-bound","51","true","cmljxa6j2000funigyl9mi3mr"
"177","marketing-business-print","Self-Inking Stamp — S510 (26 × 9 mm)","stamps-s510","51","true","cmli8m4sz0001unbs997f4so8"
"178","marketing-business-print","Booklets — Wire-O Bound","booklets-wire-o","52","true","cmljxa6lc000gunig5azxubo2"
"179","marketing-business-print","Self-Inking Stamp — S520 (38 × 14 mm)","stamps-s520","52","true","cmli8m4u00002unbsewurvlgp"
"180","marketing-business-print","Self-Inking Stamp — S542 (58 × 22 mm)","stamps-s542","53","true","cmli8m4vl0003unbs9v39tdaf"
"181","marketing-business-print","Self-Inking Stamp — R512 (∅ 12 mm)","stamps-r512","54","true","cmli8m4x60004unbshwu4ojxz"
"182","marketing-business-print","Self-Inking Stamp — R524 (∅ 25 mm)","stamps-r524","55","true","cmli8m4yf0005unbsbw9mnnie"
"183","marketing-business-print","Self-Inking Stamp — R532 (∅ 30 mm)","stamps-r532","56","true","cmli8m4zn0006unbs4h8aenau"
"184","marketing-business-print","Self-Inking Stamp — R552 (∅ 50 mm)","stamps-r552","57","true","cmli8m50v0007unbsb9wg6qlj"
"185","marketing-business-print","Flat Menu","menus-flat","60","true","cmljxa6nb000hunigrqsfa728"
"186","marketing-business-print","Folded Menu","menus-folded","61","true","cmljxa6ph000iunigr6te7er4"
"187","marketing-business-print","Laminated Menu","menus-laminated","62","true","cmljxa6rd000junigql7zl56s"
"188","marketing-business-print","Takeout Insert","menus-takeout","63","true","cmljxa6th000kunigb5py03c3"
"189","marketing-business-print","#10 Business Envelope","envelopes-10-business","70","true","cmljxa6vl000lunig5vdqehqg"
"190","marketing-business-print","A7 Invitation Envelope","envelopes-a7-invitation","71","true","cmljxa6xs000munigw1tt2f6h"
"191","marketing-business-print","6×9 Catalog Envelope","envelopes-6x9-catalog","72","true","cmljxa6zq000nunigi3mdm99h"
"192","marketing-business-print","9×12 Catalog Envelope","envelopes-9x12-catalog","73","true","cmljxa71q000ounign9enayhi"
"193","marketing-business-print","Promotional Rack Cards","rack-cards-standard","80","true","cmljxa73p000punigt8113l67"
"194","marketing-business-print","Tear Card","rack-cards-tear-off","81","true","cmljxa75l000qunigbt5l6w02"
"195","marketing-business-print","Folded Rack Card","rack-cards-folded","82","false","cmljxa77k000runigly8vas4q"
"196","marketing-business-print","Table Mat","table-mat","85","true","cmlokjtnl0000u9zw0bpgdj38"
"197","marketing-business-print","Standard Door Hanger","door-hangers-standard","90","true","cmljxa79k000sunig7fh7orsv"
"198","marketing-business-print","Large Door Hanger","door-hangers-large","91","true","cmljxa7bh000tunighhw1qrsz"
"199","marketing-business-print","Perforated Door Hanger","door-hangers-perforated","92","true","cmljxa7dd000uunigo9w09ajd"
"200","marketing-business-print","Standard 2-Pocket Folder","presentation-folders-standard","100","true","cmljxa7fg000vunig8ijc38xh"
"201","marketing-business-print","Reinforced Folder","presentation-folders-reinforced","101","true","cmljxa7hl000wunigikd3fyip"
"202","marketing-business-print","Legal Size Folder","presentation-folders-legal","102","true","cmljxa7jm000xunigylu2atfj"
"203","marketing-business-print","Custom Die-Cut Folder","presentation-folders-die-cut","103","true","cmljxa7lk000yunigf40e8ew6"
"204","marketing-business-print","Letterhead","letterhead-standard","200","true","cmljyj0fq001eunbwwz23ieua"
"205","marketing-business-print","Carbonless Forms (2 Copies)","ncr-forms-duplicate","201","true","cmljyj0hu001funbwkh6hafyy"
"206","marketing-business-print","Carbonless Forms (3 Copies)","ncr-forms-triplicate","202","true","cmljyj0ju001gunbwwieqsw9o"
"207","marketing-business-print","Branded Notepads","notepads-custom","203","true","cmljyj0lr001hunbwktjoy03x"
"208","marketing-business-print","Table Tents","table-tents-4x6","204","true","cmljyj0nq001iunbw9fcybz71"
"209","marketing-business-print","Gift Certificates","gift-certificates","205","true","cmljyj0pn001junbwej1resal"
"210","marketing-business-print","Loyalty & Punch Cards","loyalty-cards","206","true","cmljyj0rl001kunbwjbrsdx7z"
"211","marketing-business-print","Business Card Magnets","magnets-business-card","209","true","cmljyj0xj001nunbwdh42b81c"
"212","marketing-business-print","Custom Wall Calendars","calendars-wall","210","true","cmljyj0zg001ounbwla8aagba"
"213","marketing-business-print","Premium Bookmarks","bookmarks-custom","213","true","cmljyj15e001runbw9cplvhcf"
"214","marketing-business-print","Flat Invitations","invitations-flat","214","true","cmljyj17e001sunbwu0dvtqep"
"215","signs-rigid-boards","H-Wire Stake","h-stake-wire","-10","true","cmlh52p63000cun40903mput0"
"216","signs-rigid-boards","Real Estate Sign Frame","real-estate-frame","-10","true","cmlh52pe3000eun40mfkgpsh1"
"217","signs-rigid-boards","A-Frame Inserts","a-frame-insert-prints","0","true","cmlfdni76007ounhocq4urndu"
"218","signs-rigid-boards","A-Frame Sandwich Board","a-frame-sandwich-board","0","true","cmlh3qgzh000kunwg7csbzxvx"
"219","signs-rigid-boards","A-Frame Sidewalk Stand","a-frame-sign-stand","0","true","cmlfdnav8005aunhow5q6kjfp"
"220","signs-rigid-boards","A-Frame Stand","a-frame-stand","0","true","cmlfdn8da004gunhoixwn2pb5"
"221","signs-rigid-boards","Acrylic Signs","acrylic-signs","0","true","cmlfdn0nw0020unhoqx261v8j"
"222","signs-rigid-boards","Aluminum Composite Sign Panels","aluminum-composite","0","true","cmlfdmv25000cunhoda1qr7i7"
"223","signs-rigid-boards","Aluminum Signs","aluminum-signs","0","true","cmlfdn1d10028unhol3ipg14m"
"224","signs-rigid-boards","Clear Acrylic Signs","clear-acrylic-signs","0","true","cmlfdn0ua0022unhoob2ji9r3"
"225","signs-rigid-boards","Construction Site Signs","construction-site-signs","0","true","cmlfdn298002iunhos9a5ytb9"
"226","signs-rigid-boards","Coroplast Signs","coroplast-signs","0","true","cmlfdmzb0001kunhohe15gdwp"
"227","signs-rigid-boards","Coroplast Yard Signs","coroplast-yard-signs","0","true","cmlfdmupv0008unho59e1z3ey"
"228","signs-rigid-boards","Custom Foam Board Sign","custom-foam-board","0","true","cmlh3qgbs0008unwgp9sxwj8m"
"229","signs-rigid-boards","Directional Arrow Sign","directional-arrow-sign","0","true","cmlh3qhav000qunwgi0l61110"
"230","signs-rigid-boards","Directional Arrow Signs","directional-arrow-signs","0","true","cmlfdmztf001qunho8b42jn9m"
"231","signs-rigid-boards","Election / Campaign Sign","election-campaign-sign","0","true","cmlh3qh56000nunwgwpb8x54p"
"232","signs-rigid-boards","Foam Board (Custom Size)","foam-board","0","true","cmlfdmuw9000aunho6kk4t8hh"
"233","signs-rigid-boards","Foam Board / KT Board","rigid-foam-board-prints","0","true","cmlfiqb9l000ounfsg5w14k2x"
"234","signs-rigid-boards","Foam Board Prints","foam-board-prints","0","true","cmlfdmzzq001sunhoa540cu4g"
"235","signs-rigid-boards","Foam Board Sign with Easel Back","foam-board-easel","0","true","cmlfdn05q001uunhom6i3nt96"
"236","signs-rigid-boards","Frosted Acrylic Signs","frosted-acrylic-signs","0","true","cmlfdn10l0024unho3zpxh7xu"
"237","signs-rigid-boards","Gatorboard Signs","gatorboard-signs","0","true","cmlfdn0bq001wunho42xx9icx"
"238","signs-rigid-boards","H-Stakes","h-stakes","0","true","cmlfdnb13005cunhorlbshkbt"
"239","signs-rigid-boards","Handheld Sign","handheld-sign","0","true","cmlh3qg600005unwgpycy9cdg"
"240","signs-rigid-boards","Handheld Signs","handheld-signs","0","true","cmlfdn1q3002cunhoudqughei"
"241","signs-rigid-boards","Indoor Rigid Board Signs","pvc-sintra-signs","0","true","cmlfdn0ht001yunhox3z7cms5"
"242","signs-rigid-boards","Lawn Signs with H-Stakes","lawn-signs-h-stake","0","true","cmlfdmzh6001munho3s668saa"
"243","signs-rigid-boards","Menu Boards","menu-boards","0","true","cmlfdn2lc002munhovmeqhda3"
"244","signs-rigid-boards","Outdoor Aluminum Composite Signs","acm-dibond-signs","0","true","cmlfdn16q0026unhofzokc5we"
"245","signs-rigid-boards","Parking & Property Signs","parking-property-signs","0","true","cmlfdn1wf002eunhog0w6q1w7"
"246","signs-rigid-boards","Photo Board","photo-board","0","true","cmlh3qfx10002unwgiumrkmim"
"247","signs-rigid-boards","Real Estate Agent Sign","real-estate-agent-sign","0","true","cmlfdni1g007munhobfzmbicv"
"248","signs-rigid-boards","Real Estate Sign","real-estate-sign","0","true","cmlh3qgo8000eunwgq5owd8mz"
"249","signs-rigid-boards","Rigid Tags / Tickets","tags-tickets-rigid","0","true","cmlfdnidy007qunhog94ignid"
"250","signs-rigid-boards","Safety Signs","safety-signs","0","true","cmlfdn22x002gunhojn1rabt1"
"251","signs-rigid-boards","Sidewalk A-Frame Sign (Two-Sided)","a-frame-double-sided","0","true","cmlprnei5000eu9r4iwbc4jju"
"252","signs-rigid-boards","Standoff Mounted Signs","standoff-mounted-signs","0","true","cmlfdn2xt002qunhofb87z7xp"
"253","signs-rigid-boards","Tabletop Signs","tabletop-signs","0","true","cmlfdn2ri002ounhol0kxyp7o"
"254","signs-rigid-boards","Tabletop Signs","rigid-tabletop-signs","0","true","cmlfiqbpf000qunfstugib4vd"
"255","signs-rigid-boards","Two-Sided Lawn Signs","double-sided-lawn-signs","0","true","cmlfdmznh001ounho3b5lb8a8"
"256","signs-rigid-boards","Wayfinding Signs","wayfinding-signs","0","true","cmlfdn2fa002kunho76m8nvvv"
"257","signs-rigid-boards","Yard Sign","yard-sign","0","true","cmlh3qghi000bunwgegbwrrm7"
"258","signs-rigid-boards","Yard Sign Panel","yard-sign-panel-only","0","true","cmlfdnhvf007kunho0anmi4s6"
"259","signs-rigid-boards","Yard Sign with H-Frame","yard-sign-h-frame","0","true","cmlfdnhpn007iunhoz3cneeef"
"260","signs-rigid-boards","Real Estate Rider Signs","real-estate-riders","13","true","cmlps740m0001u96oru0c7m9w"
"261","signs-rigid-boards","Open House Sign Kit","open-house-sign-kit","14","true","cmlps751m000ju96on2dq6acf"
"262","signs-rigid-boards","Tri-Fold Presentation Board","tri-fold-presentation-board","22","true","cmlps74pt000du96o2kftb0cv"
"263","signs-rigid-boards","QR Code Signs","qr-code-signs","50","true","cmlps74f10007u96ob7tx8fla"
"264","signs-rigid-boards","Address & House Number Signs","address-house-number-signs","51","true","cmlps74ki000au96owl1jfd2p"
"265","signs-rigid-boards","Business Hours Sign","business-hours-sign","52","true","cmlps74ve000gu96ouy4cihwi"
"266","signs-rigid-boards","ADA & Braille Signs","ada-braille-signs","53","true","cmlps757a000mu96ozhs2iej6"
"267","signs-rigid-boards","Selfie Frame Board","selfie-frame-board","60","true","cmlprsvni0001u95k7szmecp8"
"268","signs-rigid-boards","Life-Size Cutout Standee","life-size-cutout","61","true","cmlprsvvq0004u95k8g65dmez"
"269","signs-rigid-boards","Giant Presentation Cheque","giant-presentation-check","62","true","cmlprsw170007u95k2fuwijp6"
"270","signs-rigid-boards","Welcome Sign Board","welcome-sign-board","63","true","cmlprsw6m000au95kn948977a"
"271","signs-rigid-boards","Seating Chart Board","seating-chart-board","64","true","cmlprswc1000du95kat1vguuo"
"272","signs-rigid-boards","Celebration & Milestone Board","event-celebration-board","65","true","cmlprswhs000gu95kilpkh2jm"
"273","signs-rigid-boards","Memorial & Tribute Board","memorial-tribute-board","66","true","cmlprswn9000ju95kq74qkpma"
"274","signs-rigid-boards","Photo Collage Board","photo-collage-board","67","true","cmlprswsu000mu95k4ckdzr38"
"275","signs-rigid-boards","Photo Backdrop Board","event-photo-backdrop","68","true","cmlprswy9000pu95k2o8klcz4"
"276","signs-rigid-boards","Handheld Photo Prop Board","handheld-prop-board","69","true","cmlprsx3s000su95k4ahi4omk"
"277","signs-rigid-boards","Custom Dry-Erase Board","dry-erase-rigid-board","70","true","cmlprsx97000vu95kodwy8jw4"
"278","signs-rigid-boards","Floor Standup Display","floor-standup-display","71","true","cmlprsxei000yu95kxqek5hzl"
"279","signs-rigid-boards","Face-in-Hole Photo Board","face-in-hole-board","72","true","cmlps74960004u96ohq63es9d"
"280","signs-rigid-boards","Coroplast Sheet 10mm (4×8 ft)","coroplast-sheet-10mm","100","true","cmlh3qi3p0015unwgiyortm3a"
"281","signs-rigid-boards","Coroplast Sheet 4mm (4×8 ft)","coroplast-sheet-4mm","100","true","cmlh3qhs7000zunwg9v96hmcp"
"282","signs-rigid-boards","Coroplast Sheet 6mm (4×8 ft)","coroplast-sheet-6mm","100","true","cmlh3qhya0012unwg360lc9tx"
"283","signs-rigid-boards","Foamboard Sheet 1/2"" (4×8 ft)","foamboard-sheet-1-2","100","true","cmlh3qhmn000wunwguc4yizj7"
"284","signs-rigid-boards","Foamboard Sheet 3/16"" (4×8 ft)","foamboard-sheet-3-16","100","true","cmlh3qhgg000tunwg7lgjhdbj"
"285","signs-rigid-boards","PVC (Sintra) Sheet 3mm (4×8 ft)","pvc-sheet-3mm","100","true","cmlh3qi9b0018unwggn05b51u"
"286","signs-rigid-boards","Coroplast Yard Signs","yard-signs-coroplast","212","true","cmljyj13f001qunbwrrxpi3ba"
"287","stickers-labels-decals","Asset Tags","asset-tags-tamper-evident","0","true","cmlemoage002gu9twiulueixk"
"288","stickers-labels-decals","Asset Tags (QR / Barcode)","asset-tags-qr-barcode","0","true","cmlemo750000iu9twyw05xcng"
"289","stickers-labels-decals","Barcode Labels","barcode-labels","0","true","cmlfdmymm001cunhosu0jmu7d"
"290","stickers-labels-decals","Bin Labels","tool-box-bin-labels","0","true","cmlemoa2i0028u9twyizduu15"
"291","stickers-labels-decals","Clear Labels","labels-clear","0","false","cmlfdngbp0072unho3l5pps4x"
"292","stickers-labels-decals","Color on Clear Stickers","stickers-color-on-clear","0","true","cmlfdnhcr007eunhouh3lgh08"
"293","stickers-labels-decals","Color on White Stickers","stickers-color-on-white","0","true","cmlfdnh6v007cunhov2qi77br"
"294","stickers-labels-decals","Die-Cut Stickers","stickers-single-diecut","0","false","cmlfdnftp006wunhoxtund40m"
"295","stickers-labels-decals","Die-Cut Stickers","die-cut-stickers","0","true","cmlfdmvrr000kunhocj4h4dlt"
"296","stickers-labels-decals","Emergency Exit Signs","emergency-exit-egress-signs-set","0","true","cmlemo9lh001yu9tw6agto8bi"
"297","stickers-labels-decals","Fire Extinguisher Stickers","fire-extinguisher-location-stickers","0","true","cmlemo97i001qu9tw0yk6mssr"
"298","stickers-labels-decals","First Aid Stickers","first-aid-location-stickers","0","true","cmlemo9au001su9twofgc3ltn"
"299","stickers-labels-decals","Foil Stickers","foil-stickers","0","true","cmlfdmwgd000sunhoz994raoq"
"300","stickers-labels-decals","Freezer Labels","freezer-labels","0","true","cmlfdmx85000wunho7xx42o3y"
"301","stickers-labels-decals","Hard Hat Stickers","ppe-hard-hat-stickers","0","true","cmlemo9eb001uu9tw1gugbk0a"
"302","stickers-labels-decals","Hazard GHS Labels","hazard-ghs-labels","0","true","cmlemo9hr001wu9tw1v2grgp6"
"303","stickers-labels-decals","Heavy Duty Outdoor Vinyl Stickers","heavy-duty-vinyl-stickers","0","true","cmlfdmxkt0010unhour65sf2i"
"304","stickers-labels-decals","Holographic Stickers","holographic-stickers","0","true","cmlfdmwah000qunhodjgvob4q"
"305","stickers-labels-decals","Industrial Labels","industrial-labels","0","true","cmlrnvjtv0003u9h4ms82exmb"
"306","stickers-labels-decals","Kiss-Cut Sticker Sheets","kiss-cut-sticker-sheets","0","true","cmlfdmvkg000iunhodui9va5t"
"307","stickers-labels-decals","Kiss-Cut Stickers","kiss-cut-stickers","0","true","cmlrnvjlu0000u9h4kojbznc7"
"308","stickers-labels-decals","Multi on Sheet","stickers-multi-on-sheet","0","true","cmlfdng5r0070unhozxtomcsk"
"309","stickers-labels-decals","No Smoking Decals","no-smoking-decals-set","0","true","cmlemo90p001mu9twz78pzhlg"
"310","stickers-labels-decals","Panel Labels","cable-panel-labels","0","true","cmlemoa5t002au9twvru8mjty"
"311","stickers-labels-decals","QR Code Labels","qr-code-labels","0","true","cmlfdmysa001eunhocb02fjf6"
"312","stickers-labels-decals","Roll Labels","labels-roll-quote","0","true","cmlfdngnh0076unho50j9ahzs"
"313","stickers-labels-decals","Safety Labels","safety-labels","0","true","cmlrnvjsi0002u9h4t72ibxnw"
"314","stickers-labels-decals","Safety Notice Pack","safety-notice-decal-pack","0","true","cmlemo943001ou9twp7j1qe01"
"315","stickers-labels-decals","Sticker Packs","sticker-packs","0","true","cmlfdmz52001iunho9n97zult"
"316","stickers-labels-decals","Sticker Rolls","sticker-rolls","0","true","cmlrnvjpl0001u9h45fz2k6gf"
"317","stickers-labels-decals","Sticker Sheets (Kiss-Cut)","stickers-sheet-kisscut","0","false","cmlfdnfzo006yunho8eh62woq"
"318","stickers-labels-decals","Transfer Vinyl Lettering","transfer-vinyl-lettering","0","true","cmlfdmyg7001aunhocj218q93"
"319","stickers-labels-decals","Warehouse Zone Labels","warehouse-zone-labels","0","true","cmlemo9z00026u9tw1dp50etz"
"320","stickers-labels-decals","Waterproof White Labels","labels-white-bopp","0","false","cmlfdnghm0074unhop9k4fl66"
"321","stickers-labels-decals","Waterproof White Labels","white-bopp-labels","0","true","cmlfdmw4b000ounho32magz79"
"322","stickers-labels-decals","Holographic Stickers","holographic-singles","1","true","cmlfdmudv0004unhoblt0gj96"
"323","stickers-labels-decals","Kiss-Cut Stickers","removable-stickers","2","true","cmlfdmxem000yunhoizsw3h3s"
"324","stickers-labels-decals","Sticker Sheets","sticker-sheets","3","true","cmlfdmu7n0002unhotyzm161p"
"325","stickers-labels-decals","Custom Roll Labels","roll-labels","4","true","cmlfdmyyn001gunho1k6gjihg"
"326","stickers-labels-decals","Vinyl Lettering","vinyl-lettering","6","true","cmlfdngth0078unho7l4i15xp"
"327","stickers-labels-decals","Clear Die-Cut Stickers","clear-singles","10","true","cmlfdmujx0006unho0xffe4cg"
"328","stickers-labels-decals","Clear Roll Labels","clear-labels","11","true","cmlfdmvxr000munhoc3vxc1vc"
"329","stickers-labels-decals","Kraft Paper Labels","kraft-paper-labels","12","true","cmlfdmwme000uunho6uo5g95t"
"330","stickers-labels-decals","Colour-Coded Pipe Markers","pipe-markers-color-coded","15","true","cmljyizrx0012unbwxxjq7mkd"
"331","stickers-labels-decals","Confined Space Warning Signs","confined-space-warning-signs","15","true","cmljyiz7u000sunbwwnzmfhs2"
"332","stickers-labels-decals","Industrial Pipe Markers","pipe-markers-custom","16","true","cmljyiztv0013unbwa2wkdmjx"
"333","stickers-labels-decals","Lockout/Tagout Labels","lockout-tagout-labels","16","true","cmljyiz9r000tunbwqkhizqph"
"334","stickers-labels-decals","Arc Flash Warning Labels","arc-flash-labels","17","true","cmljyizbo000uunbwvhl0de54"
"335","stickers-labels-decals","Engraved Valve Tags","valve-tags-engraved","17","true","cmljyizvu0014unbwr1avwboy"
"336","stickers-labels-decals","Forklift Safety Decal Kit","forklift-safety-decals","18","true","cmljyizdn000vunbw1m3kyv7j"
"337","stickers-labels-decals","Warehouse Rack Labels","rack-labels-warehouse","18","true","cmljyizxv0015unbwi4xl0tmn"
"338","stickers-labels-decals","Chemical Storage Cabinet Labels","chemical-storage-labels","19","true","cmljyizfo000wunbw0bgjjiwd"
"339","stickers-labels-decals","Hanging Aisle Markers","aisle-markers-hanging","19","true","cmljyizzx0016unbwpkcyuxxo"
"340","stickers-labels-decals","Electrical Panel Directory Labels","electrical-panel-labels","20","true","cmljyj01t0017unbwgymwvviy"
"341","stickers-labels-decals","High Voltage Warning Signs","high-voltage-warning-signs","20","true","cmljyizi0000xunbw4ttimsnz"
"342","stickers-labels-decals","Parking Lot Stencils","parking-lot-stencils","21","true","cmljyj03r0018unbwmlqvof4d"
"343","stickers-labels-decals","Slip & Trip Hazard Signs","slip-trip-hazard-signs","21","true","cmljyizjw000yunbwldj0rk6b"
"344","stickers-labels-decals","PPE Required Signs","ppe-required-signs","22","true","cmljyizlu000zunbwnl8z3y17"
"345","stickers-labels-decals","Crane & Lift Capacity Labels","crane-lift-capacity-labels","23","true","cmljyizny0010unbwapfbnj1z"
"346","stickers-labels-decals","WHMIS Workplace Labels","whmis-workplace-labels","24","true","cmljyizq00011unbwz1u3j7lr"
"347","stickers-labels-decals","Equipment Rating Plates","equipment-rating-plates","25","true","cmljyj0bv001cunbw8asssoxa"
"348","stickers-labels-decals","Loading Dock Door Numbers","dock-door-numbers","26","true","cmljyj0ds001dunbwxw3jiwgy"
"349","stickers-labels-decals","Custom Die-Cut Stickers","stickers-die-cut-custom","207","true","cmljyj0tm001lunbw17hwwyev"
"350","stickers-labels-decals","Roll Labels","stickers-roll-labels","208","true","cmljyj0vj001munbw5umy8t8l"
"351","vehicle-graphics-fleet","CVOR Number Decals","cvor-number-decals","0","true","cmlemo6ds0002u9twgroystp9"
"352","vehicle-graphics-fleet","Car Graphics","car-graphics","0","true","cmlfdnmac008yunhoh4pk3ya3"
"353","vehicle-graphics-fleet","Custom Cut Vinyl Lettering","custom-cut-vinyl-lettering-any-text","0","true","cmlemo7wf000yu9twz1eeeka9"
"354","vehicle-graphics-fleet","Custom Truck Door Lettering Kit","custom-truck-door-lettering-kit","0","true","cmlemo78l000ku9tw9gmv1ri9"
"355","vehicle-graphics-fleet","Custom Van Logo Decals","custom-printed-vehicle-logo-decals","0","true","cmlemo7c0000mu9tw8s6awhzu"
"356","vehicle-graphics-fleet","Equipment ID Decals","equipment-id-decals-cut-vinyl","0","true","cmlemo71o000gu9twf1bcbz7e"
"357","vehicle-graphics-fleet","Fleet Unit Number Stickers","fleet-unit-number-stickers","0","true","cmlemo6ko0006u9tw7c79ef3z"
"358","vehicle-graphics-fleet","Fuel Type Labels (Diesel / Gas)","fuel-type-labels-diesel-gas","0","true","cmlemo6ri000au9tw5ofitbys"
"359","vehicle-graphics-fleet","GVW / Tare Weight Lettering","gvw-tare-weight-lettering","0","true","cmlemo6o00008u9twusrsacpw"
"360","vehicle-graphics-fleet","Long-Term Outdoor Decals","long-term-outdoor-vehicle-decals","0","true","cmlemo86j0014u9tw9tfcb3bo"
"361","vehicle-graphics-fleet","Magnetic Car Signs","magnetic-car-signs","0","true","cmlfdn1jw002aunhovwa15ao3"
"362","vehicle-graphics-fleet","Magnetic Truck Door Signs","magnetic-truck-door-signs","0","true","cmlemo7pr000uu9tw5e3jtpsp"
"363","vehicle-graphics-fleet","Magnets","magnets-flexible","0","true","cmlfdnh0m007aunho8vfojzmj"
"364","vehicle-graphics-fleet","Partial Wrap Graphics","partial-wrap-spot-graphics","0","true","cmlemo89w0016u9twnxkena8c"
"365","vehicle-graphics-fleet","Printed Truck Door Decals","printed-truck-door-decals-full-color","0","true","cmlemo7fn000ou9twect2jwoy"
"366","vehicle-graphics-fleet","Rear Chevron Kit","high-visibility-rear-chevron-kit","0","true","cmlemo8qr001gu9tw5nh1imni"
"367","vehicle-graphics-fleet","Reflective Conspicuity Tape","reflective-conspicuity-tape-kit","0","true","cmlemo8ne001eu9twj4lm22zr"
"368","vehicle-graphics-fleet","Reflective Safety Stripes","reflective-safety-stripes-kit","0","true","cmlemo8u4001iu9twzex090xu"
"369","vehicle-graphics-fleet","Removable Promo Decals","removable-promo-vehicle-decals","0","true","cmlemo8370012u9twdjmtn228"
"370","vehicle-graphics-fleet","Social Media QR Decals","social-qr-vehicle-decals","0","true","cmlemo7t4000wu9twc9aexc6s"
"371","vehicle-graphics-fleet","Stay Back Warning","stay-back-warning-decals","0","true","cmlemo8xf001ku9tw1gc24kcm"
"372","vehicle-graphics-fleet","TSSA Truck Number Lettering (Cut Vinyl)","tssa-truck-number-lettering-cut-vinyl","0","true","cmlemo6810000u9tw2fciz0u9"
"373","vehicle-graphics-fleet","Tailgate Decal","tailgate-rear-door-printed-decal","0","true","cmlemo8db0018u9tw00b4wpp3"
"374","vehicle-graphics-fleet","Tire Pressure / Load Labels","tire-pressure-load-labels","0","true","cmlemo6ux000cu9tw16x5ufnq"
"375","vehicle-graphics-fleet","Trailer Large Graphics","trailer-box-truck-large-graphics","0","true","cmlemo7mf000su9twa394kfww"
"376","vehicle-graphics-fleet","Truck Side Panel Decal","truck-side-panel-printed-decal","0","true","cmlemo8gp001au9twbl37e2je"
"377","vehicle-graphics-fleet","US DOT Number Decals","usdot-number-decals","0","true","cmlemo6h90004u9twcflk5cup"
"378","vehicle-graphics-fleet","Vehicle Inspection Stickers","vehicle-inspection-maintenance-stickers","0","true","cmlemo6ya000eu9twkbx9wng1"
"379","vehicle-graphics-fleet","Vehicle Wrap (Print Only)","vehicle-wrap-print-only-quote","0","true","cmlemo8k0001cu9twnnn19nfi"
"380","vehicle-graphics-fleet","MC Number Decals","mc-number-decals","15","true","cmljyiy7i000aunbwfv15ps6a"
"381","vehicle-graphics-fleet","NSC Number Decals","nsc-number-decals","16","true","cmljyiy9n000bunbw8yjs5iex"
"382","vehicle-graphics-fleet","IFTA Cab Card Holder Decal","ifta-cab-card-holder","17","true","cmljyiybj000cunbw5kl05p44"
"383","vehicle-graphics-fleet","Truck Door Compliance Kit","truck-door-compliance-kit","18","true","cmljyiydf000dunbwcl6zowsk"
"384","vehicle-graphics-fleet","Trailer ID Number Decals","trailer-id-number-decals","19","true","cmljyiyff000eunbw4fab7e31"
"385","vehicle-graphics-fleet","Dangerous Goods Placards","dangerous-goods-placards","20","true","cmljyiyhd000funbwprynzzwt"
"386","vehicle-graphics-fleet","Full Vehicle Wrap - Design & Print","full-vehicle-wrap-design-print","20","true","cmljyiynf000iunbwy1upurue"
"387","vehicle-graphics-fleet","Car Door Magnets (Pair)","car-door-magnets-pair","21","true","cmljyiypf000junbwn7m6zqsu"
"388","vehicle-graphics-fleet","Hours of Service Log Holder","hours-of-service-log-holder","21","true","cmljyiyjg000gunbwduu1g3eh"
"389","vehicle-graphics-fleet","Car Hood Decal","car-hood-decal","22","true","cmljyiyrh000kunbw5r5t5ea9"
"390","vehicle-graphics-fleet","Fleet Vehicle Inspection Book","fleet-vehicle-inspection-book","22","true","cmljyiylg000hunbwn7nvyczg"
"391","vehicle-graphics-fleet","Custom Bumper Sticker","bumper-sticker-custom","23","true","cmljyiytg000lunbwjwnnldw5"
"392","vehicle-graphics-fleet","Fleet Graphic Package","fleet-graphic-package","24","true","cmljyiyvf000munbwuj4poaz1"
"393","vehicle-graphics-fleet","Vehicle Roof Wrap","vehicle-roof-wrap","25","true","cmljyiyxh000nunbw9z4i02jf"
"394","vehicle-graphics-fleet","53ft Trailer Full Wrap","trailer-full-wrap","26","true","cmljyiyzf000ounbwdzbffhxq"
"395","vehicle-graphics-fleet","Boat Registration Lettering","boat-lettering-registration","27","true","cmljyiz1x000punbw8u1es1lh"
"396","vehicle-graphics-fleet","Magnetic Rooftop Car Topper","magnetic-rooftop-sign","29","true","cmljyiz5y000runbwh0wqn0zh"
"397","windows-walls-floors","Floor Decals","decals-floor","0","true","cmlrnvk970006u9h4r4b3vipr"
"398","windows-walls-floors","Floor Graphics","lf-floor-graphics","0","false","cmlfiqecm0016unfsuo516smf"
"399","windows-walls-floors","Floor Graphics","floor-graphics","0","true","cmlfdn872004eunho19yzq9lh"
"400","windows-walls-floors","Frosted Privacy Film","frosted-privacy-film","0","true","cmlfdn7il0046unho9prbq079"
"401","windows-walls-floors","Frosted Window Film","window-frosted","0","true","cmlfdnlqy008sunhoft1303y4"
"402","windows-walls-floors","Full Window Graphics","full-window-graphics","0","false","cmlfdn7or0048unhoilwzimj5"
"403","windows-walls-floors","Perforated Window Film","window-perforated","0","true","cmlfdnlxa008uunholb43jfyq"
"404","windows-walls-floors","Perforated Window Film","perforated-window-film","0","true","cmlfdmy9q0018unhotdf9ug9t"
"405","windows-walls-floors","See-Through Window Graphics","one-way-vision-graphics","0","true","cmlfdn7uv004aunho0enqanyu"
"406","windows-walls-floors","Wall Decals","wall-decals","0","true","cmlfdmxx30014unhoz6whcwwz"
"407","windows-walls-floors","Wall Decals","decals-wall","0","true","cmlrnvk7v0005u9h4x3xhdmbv"
"408","windows-walls-floors","Wall Graphics","wall-graphics","0","true","cmlfdnm48008wunho9wrv9221"
"409","windows-walls-floors","Wall Murals","wall-murals","0","true","cmlfdn80y004cunhopywnikhc"
"410","windows-walls-floors","Window Decals","decals-window","0","true","cmlrnvk6j0004u9h48zujtv63"
"411","windows-walls-floors","Window Graphics","window-graphics","0","true","cmlfdnll1008qunhofrjihpnl"
"412","windows-walls-floors","Transparent Color Window Film (Stained Glass Effect)","window-graphics-transparent-color","1","true","cmlrem6v50000unr8kcx7uauv"
"413","windows-walls-floors","Dichroic Window Film (Iridescent)","dichroic-window-film","2","true","cmlrem74z0002unr8jxwhr9dv"
"414","windows-walls-floors","Frosted Privacy Window Film","frosted-privacy-window-film","2","false","cmlemoacx002eu9tw090llgrq"
"415","windows-walls-floors","Gradient Window Film (Clear to Color)","gradient-window-film","3","true","cmlrem7bf0004unr8xn8uq9dd"
"416","windows-walls-floors","Storefront Hours Decal","storefront-hours-door-decal-cut-vinyl","3","false","cmlemoa9i002cu9tw93yraqjw"
"417","windows-walls-floors","Business Window Lettering","window-lettering-business","4","false","cmljyj05p0019unbwn3wddmy0"
"418","windows-walls-floors","Perforated Window Film (One-Way Vision)","one-way-vision","4","true","cmlrem7hl0006unr8bn3a3erp"
"419","windows-walls-floors","Blockout Window Vinyl (100% Opaque)","window-graphics-blockout","5","true","cmlrem7nq0008unr8xgrfhvcy"
"420","windows-walls-floors","Custom Vinyl Decals","window-decals","5","true","cmlfdmy3e0016unho5emdtl8j"
"421","windows-walls-floors","Window Lettering","window-lettering-cut-vinyl","5","false","cmlemo7zt0010u9twic8x18ti"
"422","windows-walls-floors","Printed Frosted Film (Etched Effect)","frosted-window-graphics","6","true","cmlrem7tu000aunr8ads8dn27"
"423","windows-walls-floors","Frosted Static Cling (Glue-Free)","static-cling-frosted","7","true","cmlrem80q000cunr88huaf013"
"424","windows-walls-floors","Perforated Window Tint Graphic","vehicle-window-tint-graphic","7","false","cmljyiz41000qunbwst9xzkfs"
"425","windows-walls-floors","Opaque Window Graphics (White Vinyl)","window-graphics-standard","8","true","cmlrem86v000eunr838yuesoe"
"426","windows-walls-floors","Double-Sided Window Graphics","window-graphics-double-sided","9","true","cmlrem8cv000gunr853zvq70f"
"427","windows-walls-floors","Clear Static Cling","clear-static-cling","10","false","cmllehkvg0000ung8w92relvp"
"428","windows-walls-floors","Large Wall Mural Graphics","wall-mural-graphic","10","true","cmljyj07p001aunbw1afhsfu2"
"429","windows-walls-floors","Static Cling (Clear/White)","static-cling-standard","10","true","cmlrem8ix000iunr8veenvdwv"
"430","windows-walls-floors","Custom Floor Logo Graphic","floor-logo-graphic","11","true","cmljyj09n001bunbwtoelfxzi"
"431","windows-walls-floors","Frosted Static Cling","frosted-static-cling","11","false","cmllehl540002ung8btuqajl2"
"432","windows-walls-floors","Frosted Privacy Window Film","frosted-matte-window-film","12","false","cmllehlan0004ung8wfayqy0k"
"433","windows-walls-floors","Warehouse Floor Graphics","warehouse-floor-safety-graphics","12","true","cmlemo9ot0020u9twb9bw7p84"
"434","windows-walls-floors","Floor Arrows","floor-direction-arrows-set","13","true","cmlemo9s70022u9tw1zfy17sf"
"435","windows-walls-floors","Floor Decals","floor-decals","13","true","cmlfdmxqr0012unhob1jok4vu"
"436","windows-walls-floors","Iridescent Gradient Window Film","holographic-iridescent-film","13","false","cmllehlg40006ung8i984s3cb"
"437","windows-walls-floors","Clear Window Vinyl with White Ink","color-white-on-clear-vinyl","14","false","cmllehllz0008ung8shujrjzj"
"438","windows-walls-floors","Floor Number Markers","floor-number-markers-set","14","true","cmlemo9vm0024u9tweqx4wnvn"
"439","windows-walls-floors","Double-Sided Window Clear Vinyl","color-white-color-clear-vinyl","15","false","cmllehlrk000aung866hru08p"
"440","windows-walls-floors","Perforated Window Graphics","window-graphics-perforated","16","false","cmllehlxd000cung8ugk71vrk"
"441","windows-walls-floors","Window Cut Vinyl Lettering","window-cut-vinyl-lettering","17","false","cmllehm32000eung8g0e0zc0t"