category_slug,category_title,subseries_slug,count
marketing-business-print,Marketing & Business Print,business-cards,10
marketing-business-print,Marketing & Business Print,flyers,5
marketing-business-print,Marketing & Business Print,rack-cards,4
marketing-business-print,Marketing & Business Print,door-hangers,5
marketing-business-print,Marketing & Business Print,postcards,6
marketing-business-print,Marketing & Business Print,brochures,5
marketing-business-print,Marketing & Business Print,booklets,4
marketing-business-print,Marketing & Business Print,posters,5
marketing-business-print,Marketing & Business Print,menus,8
marketing-business-print,Marketing & Business Print,ncr-forms,4
marketing-business-print,Marketing & Business Print,order-forms,2
marketing-business-print,Marketing & Business Print,waivers-releases,2
marketing-business-print,Marketing & Business Print,envelopes,5
marketing-business-print,Marketing & Business Print,letterhead,4
marketing-business-print,Marketing & Business Print,notepads,4
marketing-business-print,Marketing & Business Print,bookmarks,2
marketing-business-print,Marketing & Business Print,calendars,3
marketing-business-print,Marketing & Business Print,stamps,8
marketing-business-print,Marketing & Business Print,presentation-folders,6
marketing-business-print,Marketing & Business Print,certificates,4
marketing-business-print,Marketing & Business Print,greeting-cards,1
marketing-business-print,Marketing & Business Print,invitation-cards,2
marketing-business-print,Marketing & Business Print,loyalty-cards,1
marketing-business-print,Marketing & Business Print,shelf-displays,3
marketing-business-print,Marketing & Business Print,table-tents,3
marketing-business-print,Marketing & Business Print,tickets-coupons,7
marketing-business-print,Marketing & Business Print,retail-tags,1
marketing-business-print,Marketing & Business Print,tags,4
marketing-business-print,Marketing & Business Print,inserts-packaging,6
stickers-labels-decals,Stickers, Labels & Decals,die-cut-stickers,11
stickers-labels-decals,Stickers, Labels & Decals,kiss-cut-singles,1
stickers-labels-decals,Stickers, Labels & Decals,sticker-pages,5
stickers-labels-decals,Stickers, Labels & Decals,sticker-rolls,11
stickers-labels-decals,Stickers, Labels & Decals,vinyl-lettering,2
stickers-labels-decals,Stickers, Labels & Decals,decals,3
stickers-labels-decals,Stickers, Labels & Decals,specialty,1
stickers-labels-decals,Stickers, Labels & Decals,fire-emergency,3
stickers-labels-decals,Stickers, Labels & Decals,hazard-warning,6
stickers-labels-decals,Stickers, Labels & Decals,ppe-equipment,4
stickers-labels-decals,Stickers, Labels & Decals,electrical-chemical,5
stickers-labels-decals,Stickers, Labels & Decals,asset-equipment-tags,4
stickers-labels-decals,Stickers, Labels & Decals,pipe-valve-labels,3
stickers-labels-decals,Stickers, Labels & Decals,warehouse-labels,4
stickers-labels-decals,Stickers, Labels & Decals,electrical-cable-labels,2
signs-rigid-boards,Signs & Rigid Boards,yard-signs,10
signs-rigid-boards,Signs & Rigid Boards,real-estate-signs,4
signs-rigid-boards,Signs & Rigid Boards,foam-board-signs,7
signs-rigid-boards,Signs & Rigid Boards,a-frame-signs,2
signs-rigid-boards,Signs & Rigid Boards,election-signs,1
signs-rigid-boards,Signs & Rigid Boards,display-signs,25
signs-rigid-boards,Signs & Rigid Boards,event-boards,13
banners-displays,Banners & Displays,vinyl-banners,4
banners-displays,Banners & Displays,mesh-banners,3
banners-displays,Banners & Displays,pole-banners,4
banners-displays,Banners & Displays,canvas-prints,5
banners-displays,Banners & Displays,fabric-banners,3
banners-displays,Banners & Displays,retractable-stands,8
banners-displays,Banners & Displays,x-banner-stands,7
banners-displays,Banners & Displays,tabletop-displays,14
banners-displays,Banners & Displays,backdrops-popups,12
banners-displays,Banners & Displays,flags-hardware,12
banners-displays,Banners & Displays,a-frames-signs,3
banners-displays,Banners & Displays,lawn-yard-signs,3
banners-displays,Banners & Displays,tents-outdoor,5
windows-walls-floors,Windows, Walls & Floors,static-clings,2
windows-walls-floors,Windows, Walls & Floors,adhesive-films,4
windows-walls-floors,Windows, Walls & Floors,one-way-vision,4
windows-walls-floors,Windows, Walls & Floors,privacy-films,2
windows-walls-floors,Windows, Walls & Floors,window-lettering,4
windows-walls-floors,Windows, Walls & Floors,wall-graphics,3
windows-walls-floors,Windows, Walls & Floors,floor-graphics,6
windows-walls-floors,Windows, Walls & Floors,window-graphics,4
vehicle-graphics-fleet,Vehicle Graphics & Fleet,vehicle-wraps,6
vehicle-graphics-fleet,Vehicle Graphics & Fleet,door-panel-graphics,5
vehicle-graphics-fleet,Vehicle Graphics & Fleet,vehicle-decals,7
vehicle-graphics-fleet,Vehicle Graphics & Fleet,magnetic-signs,4
vehicle-graphics-fleet,Vehicle Graphics & Fleet,fleet-packages,5
vehicle-graphics-fleet,Vehicle Graphics & Fleet,vehicle-graphics,1
vehicle-graphics-fleet,Vehicle Graphics & Fleet,dot-mc-numbers,6
vehicle-graphics-fleet,Vehicle Graphics & Fleet,unit-weight-ids,3
vehicle-graphics-fleet,Vehicle Graphics & Fleet,spec-labels,3
vehicle-graphics-fleet,Vehicle Graphics & Fleet,inspection-compliance,5
