category_slug,category_title,under_slug,product_name,product_slug,product_id,sort_order
marketing-business-print,Marketing & Business Print,business-cards,Business Cards 名片,mp-business-cards,cmlprngmz000ou9r47dxysom1,0
marketing-business-print,Marketing & Business Print,business-cards,Classic Business Cards,business-cards-classic,cmlhhggjb0001unl4kip6ch76,1
marketing-business-print,Marketing & Business Print,business-cards,Gloss Business Cards,business-cards-gloss,cmlhhggmg0003unl45or3wtix,2
marketing-business-print,Marketing & Business Print,business-cards,Matte Business Cards,business-cards-matte,cmlhhggog0005unl48fv0x4ov,3
marketing-business-print,Marketing & Business Print,business-cards,Soft Touch Business Cards,business-cards-soft-touch,cmlhhggqg0007unl4iyidppvj,4
marketing-business-print,Marketing & Business Print,business-cards,Gold Foil Business Cards,business-cards-gold-foil,cmlhhggsc0009unl4ftxxval2,5
marketing-business-print,Marketing & Business Print,business-cards,Linen Business Cards,business-cards-linen,cmlhhggu9000bunl4oi3a23h4,6
marketing-business-print,Marketing & Business Print,business-cards,Pearl Business Cards,business-cards-pearl,cmlhhggw5000dunl4fmiblooy,7
marketing-business-print,Marketing & Business Print,business-cards,Thick Layered Business Cards,business-cards-thick,cmlhhggya000funl4jrz49aj5,8
marketing-business-print,Marketing & Business Print,business-cards,Business Card Magnets,magnets-business-card,cmljyj0xj001nunbwdh42b81c,209
marketing-business-print,Marketing & Business Print,flyers,Flyers 传单,mp-flyers,cmlprngsa000qu9r420cmpth6,0
marketing-business-print,Marketing & Business Print,flyers,Flyers,flyers,cmlfdn514003eunhokc79ocf1,10
marketing-business-print,Marketing & Business Print,flyers,Small Flyer,flyers-small,cmljxa5n10000unigoga9x06u,10
marketing-business-print,Marketing & Business Print,flyers,Standard Flyer,flyers-standard,cmljxa5qq0001unigbgu5pzab,11
marketing-business-print,Marketing & Business Print,flyers,Large Flyer,flyers-large,cmljxa5sv0002unig9abb4hhi,12
marketing-business-print,Marketing & Business Print,rack-cards,Rack Cards,rack-cards,cmlfdn5rb003munho89rez0pc,18
marketing-business-print,Marketing & Business Print,rack-cards,Standard Rack Card,rack-cards-standard,cmljxa73p000punigt8113l67,80
marketing-business-print,Marketing & Business Print,rack-cards,Tear Card,rack-cards-tear-off,cmljxa75l000qunigbt5l6w02,81
marketing-business-print,Marketing & Business Print,rack-cards,Folded Rack Card,rack-cards-folded,cmljxa77k000runigly8vas4q,82
marketing-business-print,Marketing & Business Print,door-hangers,Door Hangers 门挂牌,mp-door-hangers,cmlprnhtz0012u9r44o6hc86d,0
marketing-business-print,Marketing & Business Print,door-hangers,Door Hangers,door-hangers,cmlfdn5xr003ounho4ght3v48,19
marketing-business-print,Marketing & Business Print,door-hangers,Standard Door Hanger,door-hangers-standard,cmljxa79k000sunig7fh7orsv,90
marketing-business-print,Marketing & Business Print,door-hangers,Large Door Hanger,door-hangers-large,cmljxa7bh000tunighhw1qrsz,91
marketing-business-print,Marketing & Business Print,door-hangers,Perforated Door Hanger,door-hangers-perforated,cmljxa7dd000uunigo9w09ajd,92
marketing-business-print,Marketing & Business Print,postcards,Postcards 明信片,mp-postcards,cmlprnhny0010u9r4o0jzu7t6,0
marketing-business-print,Marketing & Business Print,postcards,Postcards,postcards,cmlfdn57g003gunhoyfxgtfc0,11
marketing-business-print,Marketing & Business Print,postcards,Standard Postcard,postcards-standard,cmljxa5up0003unigl76a8bnk,20
marketing-business-print,Marketing & Business Print,postcards,Medium Postcard,postcards-medium,cmljxa5wp0004unignw7z9un5,21
marketing-business-print,Marketing & Business Print,postcards,Large Postcard,postcards-large,cmljxa5yu0005uniga4wnr8sy,22
marketing-business-print,Marketing & Business Print,postcards,EDDM Postcard,postcards-eddm,cmljxa60v0006unigatmsijl6,23
marketing-business-print,Marketing & Business Print,brochures,Brochures 折页,mp-brochures,cmlprngxq000su9r4jd4uvbxk,0
marketing-business-print,Marketing & Business Print,brochures,Brochures,brochures,cmlfdn5ew003iunhot1x8xofh,12
marketing-business-print,Marketing & Business Print,brochures,Bi-Fold Brochure,brochures-bi-fold,cmljxa62v0007unigotznev6n,30
marketing-business-print,Marketing & Business Print,brochures,Tri-Fold Brochure,brochures-tri-fold,cmljxa64w0008unig9zrijxjf,31
marketing-business-print,Marketing & Business Print,brochures,Z-Fold Brochure,brochures-z-fold,cmljxa66v0009unig5nnz85ab,32
marketing-business-print,Marketing & Business Print,booklets,Booklets,booklets,cmlfdn5l2003kunhom8dyzn4h,14
marketing-business-print,Marketing & Business Print,booklets,Saddle Stitch Booklet,booklets-saddle-stitch,cmljxa6h1000eunigwbntqt49,50
marketing-business-print,Marketing & Business Print,booklets,Perfect Bound Booklet,booklets-perfect-bound,cmljxa6j2000funigyl9mi3mr,51
marketing-business-print,Marketing & Business Print,booklets,Wire-O Booklet,booklets-wire-o,cmljxa6lc000gunig5azxubo2,52
marketing-business-print,Marketing & Business Print,posters,Posters,posters,cmlfdn6aj003sunhowt8c7dxd,13
marketing-business-print,Marketing & Business Print,posters,Glossy Poster,posters-glossy,cmljxa691000aunig5xmts500,40
marketing-business-print,Marketing & Business Print,posters,Matte Poster,posters-matte,cmljxa6b1000bunig8osd1w1r,41
marketing-business-print,Marketing & Business Print,posters,Adhesive Poster,posters-adhesive,cmljxa6d0000cunig3xznq887,42
marketing-business-print,Marketing & Business Print,posters,Backlit Poster,posters-backlit,cmljxa6f0000dunig6pwkxf1d,43
marketing-business-print,Marketing & Business Print,menus,Menus,rp-menus,cmlfiqdfi000yunfsaq2l4g5c,0
marketing-business-print,Marketing & Business Print,menus,Menus 菜单,mp-menus,cmlprnhip000yu9r42dftlnly,0
marketing-business-print,Marketing & Business Print,menus,Menus,menus,cmlfdndlh0066unhokuskf20c,15
marketing-business-print,Marketing & Business Print,menus,Flat Menu,menus-flat,cmljxa6nb000hunigrqsfa728,60
marketing-business-print,Marketing & Business Print,menus,Folded Menu,menus-folded,cmljxa6ph000iunigr6te7er4,61
marketing-business-print,Marketing & Business Print,menus,Laminated Menu,menus-laminated,cmljxa6rd000junigql7zl56s,62
marketing-business-print,Marketing & Business Print,menus,Takeout Insert,menus-takeout,cmljxa6th000kunigb5py03c3,63
marketing-business-print,Marketing & Business Print,menus,Table Mat,table-mat,cmlokjtnl0000u9zw0bpgdj38,85
marketing-business-print,Marketing & Business Print,ncr-forms,NCR Invoice Books,ncr-invoice-books,cmlfdnk7s008cunhoieukijxk,0
marketing-business-print,Marketing & Business Print,ncr-forms,NCR Invoice,ncr-invoices,cmlfdnfc0006qunho9j3ut3oz,21
marketing-business-print,Marketing & Business Print,ncr-forms,NCR Duplicate Forms (2-Part),ncr-forms-duplicate,cmljyj0hu001funbwkh6hafyy,201
marketing-business-print,Marketing & Business Print,ncr-forms,NCR Triplicate Forms (3-Part),ncr-forms-triplicate,cmljyj0ju001gunbwwieqsw9o,202
marketing-business-print,Marketing & Business Print,order-forms,Order Form Pads,order-form-pads,cmlfdnkds008eunho9j9lmkga,0
marketing-business-print,Marketing & Business Print,order-forms,Order Form,order-forms-single,cmlfdncxr005yunhoc4hmh3tn,35
marketing-business-print,Marketing & Business Print,waivers-releases,Release / Waiver Forms,release-waiver-forms,cmlfdnkjq008gunhoovlz0vxz,0
marketing-business-print,Marketing & Business Print,waivers-releases,Release / Waiver Form,release-forms,cmlfdnd3l0060unhojmw6if2o,37
marketing-business-print,Marketing & Business Print,envelopes,Envelopes,envelopes,cmlfdnf64006ounhoi114j41k,16
marketing-business-print,Marketing & Business Print,envelopes,#10 Business Envelope,envelopes-10-business,cmljxa6vl000lunig5vdqehqg,70
marketing-business-print,Marketing & Business Print,envelopes,A7 Invitation Envelope,envelopes-a7-invitation,cmljxa6xs000munigw1tt2f6h,71
marketing-business-print,Marketing & Business Print,envelopes,6×9 Catalog Envelope,envelopes-6x9-catalog,cmljxa6zq000nunigi3mdm99h,72
marketing-business-print,Marketing & Business Print,envelopes,9×12 Catalog Envelope,envelopes-9x12-catalog,cmljxa71q000ounign9enayhi,73
marketing-business-print,Marketing & Business Print,letterhead,Letterhead,bf-letterhead,cmlfiqcwk000uunfss736padh,0
marketing-business-print,Marketing & Business Print,letterhead,Letterhead 信纸,mp-letterhead,cmlprnij20018u9r4h0zss2fz,0
marketing-business-print,Marketing & Business Print,letterhead,Letterhead,letterhead,cmlfdnfi1006sunhohlh658wd,22
marketing-business-print,Marketing & Business Print,letterhead,Letterhead,letterhead-standard,cmljyj0fq001eunbwwz23ieua,200
marketing-business-print,Marketing & Business Print,notepads,Notepads,bf-notepads,cmlfiqd38000wunfsi1watnh1,0
marketing-business-print,Marketing & Business Print,notepads,Notepads 记事本,mp-notepads,cmlprnio7001au9r49681dikf,0
marketing-business-print,Marketing & Business Print,notepads,Notepads,notepads,cmlfdnfns006uunhob0bectq2,23
marketing-business-print,Marketing & Business Print,notepads,Custom Notepads,notepads-custom,cmljyj0lr001hunbwktjoy03x,203
marketing-business-print,Marketing & Business Print,bookmarks,Bookmarks,bookmarks,cmlfdndsk0068unhon45ef0cl,28
marketing-business-print,Marketing & Business Print,bookmarks,Custom Bookmarks,bookmarks-custom,cmljyj15e001runbw9cplvhcf,213
marketing-business-print,Marketing & Business Print,calendars,Calendars,calendars-wall-desk,cmlfdnik0007sunhoa4amoeur,0
marketing-business-print,Marketing & Business Print,calendars,Calendars,calendars,cmlfdnehf006gunho5iogx29u,31
marketing-business-print,Marketing & Business Print,calendars,Custom Wall Calendars,calendars-wall,cmljyj0zg001ounbwla8aagba,210
marketing-business-print,Marketing & Business Print,stamps,Self-Inking Stamp S-827,stamps-s827,cmli8m4qn0000unbse1ndt0id,50
marketing-business-print,Marketing & Business Print,stamps,Self-Inking Stamp S-510,stamps-s510,cmli8m4sz0001unbs997f4so8,51
marketing-business-print,Marketing & Business Print,stamps,Self-Inking Stamp S-520,stamps-s520,cmli8m4u00002unbsewurvlgp,52
marketing-business-print,Marketing & Business Print,stamps,Self-Inking Stamp S-542,stamps-s542,cmli8m4vl0003unbs9v39tdaf,53
marketing-business-print,Marketing & Business Print,stamps,Self-Inking Stamp R-512,stamps-r512,cmli8m4x60004unbshwu4ojxz,54
marketing-business-print,Marketing & Business Print,stamps,Self-Inking Stamp R-524,stamps-r524,cmli8m4yf0005unbsbw9mnnie,55
marketing-business-print,Marketing & Business Print,stamps,Self-Inking Stamp R-532,stamps-r532,cmli8m4zn0006unbs4h8aenau,56
marketing-business-print,Marketing & Business Print,stamps,Self-Inking Stamp R-552,stamps-r552,cmli8m50v0007unbsb9wg6qlj,57
marketing-business-print,Marketing & Business Print,presentation-folders,Presentation Folders 展示文件夹,mp-presentation-folders,cmlprni8u0016u9r4zqs5p24r,0
marketing-business-print,Marketing & Business Print,presentation-folders,Presentation Folders,presentation-folders,cmlfdn648003qunho9ekdjs50,20
marketing-business-print,Marketing & Business Print,presentation-folders,Standard 2-Pocket Folder,presentation-folders-standard,cmljxa7fg000vunig8ijc38xh,100
marketing-business-print,Marketing & Business Print,presentation-folders,Reinforced Folder,presentation-folders-reinforced,cmljxa7hl000wunigikd3fyip,101
marketing-business-print,Marketing & Business Print,presentation-folders,Legal Size Folder,presentation-folders-legal,cmljxa7jm000xunigylu2atfj,102
marketing-business-print,Marketing & Business Print,presentation-folders,Custom Die-Cut Folder,presentation-folders-die-cut,cmljxa7lk000yunigf40e8ew6,103
marketing-business-print,Marketing & Business Print,certificates,Certificates,bf-certificates,cmlfiqcpz000sunfsbd9f3iid,0
marketing-business-print,Marketing & Business Print,certificates,Certificates 证书,mp-certificates,cmlprnh8a000uu9r45iqzf3ml,0
marketing-business-print,Marketing & Business Print,certificates,Certificates,certificates,cmlfdnd9j0062unhouk5ahu0w,26
marketing-business-print,Marketing & Business Print,certificates,Gift Certificates,gift-certificates,cmljyj0pn001junbwej1resal,205
marketing-business-print,Marketing & Business Print,greeting-cards,Greeting Cards,greeting-cards,cmlfdnf0d006munhoh74s2law,24
marketing-business-print,Marketing & Business Print,invitation-cards,Invitation Cards,invitation-cards,cmlfdneul006kunhoxtt268gv,25
marketing-business-print,Marketing & Business Print,invitation-cards,Flat Invitations,invitations-flat,cmljyj17e001sunbwu0dvtqep,214
marketing-business-print,Marketing & Business Print,loyalty-cards,Loyalty & Punch Cards,loyalty-cards,cmljyj0rl001kunbwjbrsdx7z,206
marketing-business-print,Marketing & Business Print,shelf-displays,Dangler,danglers,cmlfdnkyw008kunhoik4djh9b,0
marketing-business-print,Marketing & Business Print,shelf-displays,Shelf Talkers,shelf-talkers,cmlfdnl4x008munho55lxbg48,0
marketing-business-print,Marketing & Business Print,shelf-displays,Wobbler,wobblers,cmlfdnksw008iunhojuvhq6vp,0
marketing-business-print,Marketing & Business Print,table-tents,Table Tent Cards,table-tent-cards,cmlfdnle5008ounho1zjv8wsj,0
marketing-business-print,Marketing & Business Print,table-tents,Table Display Cards,table-display-cards,cmlfdndze006aunhocldwfrzx,38
marketing-business-print,Marketing & Business Print,table-tents,Table Tents,table-tents-4x6,cmljyj0nq001iunbw9fcybz71,204
marketing-business-print,Marketing & Business Print,tickets-coupons,Coupons,rp-coupons,cmlfiqdm20010unfs59soyu25,0
marketing-business-print,Marketing & Business Print,tickets-coupons,Coupons 优惠券,mp-coupons,cmlprnhde000wu9r4fysqysrz,0
marketing-business-print,Marketing & Business Print,tickets-coupons,Tickets,rp-tickets,cmlfiqds40012unfsrudkkk0a,0
marketing-business-print,Marketing & Business Print,tickets-coupons,Tickets 门票,mp-tickets,cmlprni1a0014u9r4wjl03iad,0
marketing-business-print,Marketing & Business Print,tickets-coupons,Coupons,coupons,cmlfdndff0064unho0g52msuu,27
marketing-business-print,Marketing & Business Print,tickets-coupons,Tickets,tickets,cmlfdnebb006eunhofm1edcr9,30
marketing-business-print,Marketing & Business Print,tickets-coupons,Cardstock Prints (14pt) — Custom Size,cardstock-prints,cmlhderqd0002uncgutdyuvgx,36
marketing-business-print,Marketing & Business Print,retail-tags,Hang Tags,rp-hang-tags,cmlfiqe0e0014unfsvm702iu0,0
marketing-business-print,Marketing & Business Print,tags,Hang Tags,hang-tags,cmlfdn6ud003yunhotwp5zj6p,0
marketing-business-print,Marketing & Business Print,tags,Product Label Sets,label-sets,cmlfdn70f0040unhodnkkbkgw,0
marketing-business-print,Marketing & Business Print,tags,Tags / Hang Tags,tags-hang-tags,cmlfdne5e006cunhomjc5vq6b,29
marketing-business-print,Marketing & Business Print,tags,Custom Hang Tags,hang-tags-custom,cmljyj11f001punbwxie1wdae,211
marketing-business-print,Marketing & Business Print,inserts-packaging,Packaging Inserts,packaging-inserts,cmlfdn6o7003wunhoy4bakrvq,0
marketing-business-print,Marketing & Business Print,inserts-packaging,Packing Slips,packing-slips,cmlfdn7cc0044unhow4b9land,0
marketing-business-print,Marketing & Business Print,inserts-packaging,Sticker Seals,sticker-seals,cmlfdn76h0042unho4xbgfc23,0
marketing-business-print,Marketing & Business Print,inserts-packaging,Thank You Cards,thank-you-cards,cmlfdn6h4003uunho9jq5yklg,0
marketing-business-print,Marketing & Business Print,inserts-packaging,Product Inserts,product-inserts,cmlfdncru005wunho55ycb5ss,33
marketing-business-print,Marketing & Business Print,inserts-packaging,Box Sleeves,box-sleeves,cmlfdnenb006iunho5t8e8ked,34
stickers-labels-decals,"Stickers, Labels & Decals",die-cut-stickers,Clear Stickers (Singles),clear-singles,cmlfdmujx0006unho0xffe4cg,0
stickers-labels-decals,"Stickers, Labels & Decals",die-cut-stickers,Color on Clear Stickers,stickers-color-on-clear,cmlfdnhcr007eunhouh3lgh08,0
stickers-labels-decals,"Stickers, Labels & Decals",die-cut-stickers,Color on White Stickers,stickers-color-on-white,cmlfdnh6v007cunhov2qi77br,0
stickers-labels-decals,"Stickers, Labels & Decals",die-cut-stickers,Die-Cut Stickers,stickers-single-diecut,cmlfdnftp006wunhoxtund40m,0
stickers-labels-decals,"Stickers, Labels & Decals",die-cut-stickers,Die-Cut Stickers,die-cut-stickers,cmlfdmvrr000kunhocj4h4dlt,0
stickers-labels-decals,"Stickers, Labels & Decals",die-cut-stickers,Die-Cut Stickers (Singles),die-cut-singles,cmlfdmtxe0000unhorgrvvyid,0
stickers-labels-decals,"Stickers, Labels & Decals",die-cut-stickers,Foil Stickers,foil-stickers,cmlfdmwgd000sunhoz994raoq,0
stickers-labels-decals,"Stickers, Labels & Decals",die-cut-stickers,Heavy Duty Outdoor Vinyl Stickers,heavy-duty-vinyl-stickers,cmlfdmxkt0010unhour65sf2i,0
stickers-labels-decals,"Stickers, Labels & Decals",die-cut-stickers,Holographic Singles,holographic-singles,cmlfdmudv0004unhoblt0gj96,0
stickers-labels-decals,"Stickers, Labels & Decals",die-cut-stickers,Holographic Stickers,holographic-stickers,cmlfdmwah000qunhodjgvob4q,0
stickers-labels-decals,"Stickers, Labels & Decals",die-cut-stickers,Custom Die-Cut Stickers,stickers-die-cut-custom,cmljyj0tm001lunbw17hwwyev,207
stickers-labels-decals,"Stickers, Labels & Decals",kiss-cut-singles,Removable Stickers,removable-stickers,cmlfdmxem000yunhoizsw3h3s,0
stickers-labels-decals,"Stickers, Labels & Decals",sticker-pages,Kiss-Cut Sticker Sheets,kiss-cut-sticker-sheets,cmlfdmvkg000iunhodui9va5t,0
stickers-labels-decals,"Stickers, Labels & Decals",sticker-pages,Multi on Sheet,stickers-multi-on-sheet,cmlfdng5r0070unhozxtomcsk,0
stickers-labels-decals,"Stickers, Labels & Decals",sticker-pages,Sticker Packs,sticker-packs,cmlfdmz52001iunho9n97zult,0
stickers-labels-decals,"Stickers, Labels & Decals",sticker-pages,Sticker Sheets (12x18),sticker-sheets,cmlfdmu7n0002unhotyzm161p,0
stickers-labels-decals,"Stickers, Labels & Decals",sticker-pages,Sticker Sheets (Kiss-Cut),stickers-sheet-kisscut,cmlfdnfzo006yunho8eh62woq,0
stickers-labels-decals,"Stickers, Labels & Decals",sticker-rolls,Barcode Labels,barcode-labels,cmlfdmymm001cunhosu0jmu7d,0
stickers-labels-decals,"Stickers, Labels & Decals",sticker-rolls,Clear Labels,labels-clear,cmlfdngbp0072unho3l5pps4x,0
stickers-labels-decals,"Stickers, Labels & Decals",sticker-rolls,Clear Labels,clear-labels,cmlfdmvxr000munhoc3vxc1vc,0
stickers-labels-decals,"Stickers, Labels & Decals",sticker-rolls,Freezer Labels,freezer-labels,cmlfdmx85000wunho7xx42o3y,0
stickers-labels-decals,"Stickers, Labels & Decals",sticker-rolls,Kraft Paper Labels,kraft-paper-labels,cmlfdmwme000uunho6uo5g95t,0
stickers-labels-decals,"Stickers, Labels & Decals",sticker-rolls,QR Code Labels,qr-code-labels,cmlfdmysa001eunhocb02fjf6,0
stickers-labels-decals,"Stickers, Labels & Decals",sticker-rolls,Roll Labels,roll-labels,cmlfdmyyn001gunho1k6gjihg,0
stickers-labels-decals,"Stickers, Labels & Decals",sticker-rolls,Roll Labels,labels-roll-quote,cmlfdngnh0076unho50j9ahzs,0
stickers-labels-decals,"Stickers, Labels & Decals",sticker-rolls,White BOPP Labels,white-bopp-labels,cmlfdmw4b000ounho32magz79,0
stickers-labels-decals,"Stickers, Labels & Decals",sticker-rolls,White BOPP Labels,labels-white-bopp,cmlfdnghm0074unhop9k4fl66,0
stickers-labels-decals,"Stickers, Labels & Decals",sticker-rolls,Roll Labels,stickers-roll-labels,cmljyj0vj001munbw5umy8t8l,208
stickers-labels-decals,"Stickers, Labels & Decals",vinyl-lettering,Transfer Vinyl Lettering,transfer-vinyl-lettering,cmlfdmyg7001aunhocj218q93,0
stickers-labels-decals,"Stickers, Labels & Decals",vinyl-lettering,Vinyl Lettering,vinyl-lettering,cmlfdngth0078unho7l4i15xp,0
stickers-labels-decals,"Stickers, Labels & Decals",decals,Floor Decals,floor-decals,cmlfdmxqr0012unhob1jok4vu,0
stickers-labels-decals,"Stickers, Labels & Decals",decals,Wall Decals,wall-decals,cmlfdmxx30014unhoz6whcwwz,0
stickers-labels-decals,"Stickers, Labels & Decals",decals,Window Decals,window-decals,cmlfdmy3e0016unho5emdtl8j,0
stickers-labels-decals,"Stickers, Labels & Decals",specialty,Magnets,magnets-flexible,cmlfdnh0m007aunho8vfojzmj,0
stickers-labels-decals,"Stickers, Labels & Decals",fire-emergency,Emergency Exit Signs,emergency-exit-egress-signs-set,cmlemo9lh001yu9tw6agto8bi,0
stickers-labels-decals,"Stickers, Labels & Decals",fire-emergency,Fire Extinguisher Stickers,fire-extinguisher-location-stickers,cmlemo97i001qu9tw0yk6mssr,0
stickers-labels-decals,"Stickers, Labels & Decals",fire-emergency,First Aid Stickers,first-aid-location-stickers,cmlemo9au001su9twofgc3ltn,0
stickers-labels-decals,"Stickers, Labels & Decals",hazard-warning,Hazard GHS Labels,hazard-ghs-labels,cmlemo9hr001wu9tw1v2grgp6,0
stickers-labels-decals,"Stickers, Labels & Decals",hazard-warning,No Smoking Decals,no-smoking-decals-set,cmlemo90p001mu9twz78pzhlg,0
stickers-labels-decals,"Stickers, Labels & Decals",hazard-warning,Safety Notice Pack,safety-notice-decal-pack,cmlemo943001ou9twp7j1qe01,0
stickers-labels-decals,"Stickers, Labels & Decals",hazard-warning,Confined Space Warning Signs,confined-space-warning-signs,cmljyiz7u000sunbwwnzmfhs2,15
stickers-labels-decals,"Stickers, Labels & Decals",hazard-warning,Parking Lot Stencils,parking-lot-stencils,cmljyj03r0018unbwmlqvof4d,21
stickers-labels-decals,"Stickers, Labels & Decals",hazard-warning,Slip & Trip Hazard Signs,slip-trip-hazard-signs,cmljyizjw000yunbwldj0rk6b,21
stickers-labels-decals,"Stickers, Labels & Decals",ppe-equipment,Hard Hat Stickers,ppe-hard-hat-stickers,cmlemo9eb001uu9tw1gugbk0a,0
stickers-labels-decals,"Stickers, Labels & Decals",ppe-equipment,Forklift Safety Decal Kit,forklift-safety-decals,cmljyizdn000vunbw1m3kyv7j,18
stickers-labels-decals,"Stickers, Labels & Decals",ppe-equipment,PPE Required Signs,ppe-required-signs,cmljyizlu000zunbwnl8z3y17,22
stickers-labels-decals,"Stickers, Labels & Decals",ppe-equipment,Crane & Lift Capacity Labels,crane-lift-capacity-labels,cmljyizny0010unbwapfbnj1z,23
stickers-labels-decals,"Stickers, Labels & Decals",electrical-chemical,Lockout/Tagout Labels,lockout-tagout-labels,cmljyiz9r000tunbwqkhizqph,16
stickers-labels-decals,"Stickers, Labels & Decals",electrical-chemical,Arc Flash Warning Labels,arc-flash-labels,cmljyizbo000uunbwvhl0de54,17
stickers-labels-decals,"Stickers, Labels & Decals",electrical-chemical,Chemical Storage Cabinet Labels,chemical-storage-labels,cmljyizfo000wunbw0bgjjiwd,19
stickers-labels-decals,"Stickers, Labels & Decals",electrical-chemical,High Voltage Warning Signs,high-voltage-warning-signs,cmljyizi0000xunbw4ttimsnz,20
stickers-labels-decals,"Stickers, Labels & Decals",electrical-chemical,WHMIS Workplace Labels,whmis-workplace-labels,cmljyizq00011unbwz1u3j7lr,24
stickers-labels-decals,"Stickers, Labels & Decals",asset-equipment-tags,Asset Tags,asset-tags-tamper-evident,cmlemoage002gu9twiulueixk,0
stickers-labels-decals,"Stickers, Labels & Decals",asset-equipment-tags,Asset Tags (QR / Barcode),asset-tags-qr-barcode,cmlemo750000iu9twyw05xcng,0
stickers-labels-decals,"Stickers, Labels & Decals",asset-equipment-tags,Bin Labels,tool-box-bin-labels,cmlemoa2i0028u9twyizduu15,0
stickers-labels-decals,"Stickers, Labels & Decals",asset-equipment-tags,Equipment Rating Plates,equipment-rating-plates,cmljyj0bv001cunbw8asssoxa,25
stickers-labels-decals,"Stickers, Labels & Decals",pipe-valve-labels,Colour-Coded Pipe Markers,pipe-markers-color-coded,cmljyizrx0012unbwxxjq7mkd,15
stickers-labels-decals,"Stickers, Labels & Decals",pipe-valve-labels,Custom Pipe Markers,pipe-markers-custom,cmljyiztv0013unbwa2wkdmjx,16
stickers-labels-decals,"Stickers, Labels & Decals",pipe-valve-labels,Engraved Valve Tags,valve-tags-engraved,cmljyizvu0014unbwr1avwboy,17
stickers-labels-decals,"Stickers, Labels & Decals",warehouse-labels,Warehouse Zone Labels,warehouse-zone-labels,cmlemo9z00026u9tw1dp50etz,0
stickers-labels-decals,"Stickers, Labels & Decals",warehouse-labels,Warehouse Rack Labels,rack-labels-warehouse,cmljyizxv0015unbwi4xl0tmn,18
stickers-labels-decals,"Stickers, Labels & Decals",warehouse-labels,Hanging Aisle Markers,aisle-markers-hanging,cmljyizzx0016unbwpkcyuxxo,19
stickers-labels-decals,"Stickers, Labels & Decals",warehouse-labels,Loading Dock Door Numbers,dock-door-numbers,cmljyj0ds001dunbwxw3jiwgy,26
stickers-labels-decals,"Stickers, Labels & Decals",electrical-cable-labels,Panel Labels,cable-panel-labels,cmlemoa5t002au9twvru8mjty,0
stickers-labels-decals,"Stickers, Labels & Decals",electrical-cable-labels,Electrical Panel Directory Labels,electrical-panel-labels,cmljyj01t0017unbwgymwvviy,20
signs-rigid-boards,Signs & Rigid Boards,yard-signs,Coroplast Signs,coroplast-signs,cmlfdmzb0001kunhohe15gdwp,0
signs-rigid-boards,Signs & Rigid Boards,yard-signs,Coroplast Yard Signs,coroplast-yard-signs,cmlfdmupv0008unho59e1z3ey,0
signs-rigid-boards,Signs & Rigid Boards,yard-signs,Directional Arrow Sign,directional-arrow-sign,cmlh3qhav000qunwgi0l61110,0
signs-rigid-boards,Signs & Rigid Boards,yard-signs,Directional Arrow Signs,directional-arrow-signs,cmlfdmztf001qunho8b42jn9m,0
signs-rigid-boards,Signs & Rigid Boards,yard-signs,Double-Sided Lawn Signs,double-sided-lawn-signs,cmlfdmznh001ounho3b5lb8a8,0
signs-rigid-boards,Signs & Rigid Boards,yard-signs,Lawn Signs + H-Stake,lawn-signs-h-stake,cmlfdmzh6001munho3s668saa,0
signs-rigid-boards,Signs & Rigid Boards,yard-signs,Yard Sign,yard-sign,cmlh3qghi000bunwgegbwrrm7,0
signs-rigid-boards,Signs & Rigid Boards,yard-signs,Yard Sign + H-Frame,yard-sign-h-frame,cmlfdnhpn007iunhoz3cneeef,0
signs-rigid-boards,Signs & Rigid Boards,yard-signs,Yard Sign Panel,yard-sign-panel-only,cmlfdnhvf007kunho0anmi4s6,0
signs-rigid-boards,Signs & Rigid Boards,yard-signs,Coroplast Yard Signs,yard-signs-coroplast,cmljyj13f001qunbwrrxpi3ba,212
signs-rigid-boards,Signs & Rigid Boards,real-estate-signs,Real Estate Agent Sign,real-estate-agent-sign,cmlfdni1g007munhobfzmbicv,0
signs-rigid-boards,Signs & Rigid Boards,real-estate-signs,Real Estate Sign,real-estate-sign,cmlh3qgo8000eunwgq5owd8mz,0
signs-rigid-boards,Signs & Rigid Boards,real-estate-signs,Real Estate Rider Signs,real-estate-riders,cmlps740m0001u96oru0c7m9w,13
signs-rigid-boards,Signs & Rigid Boards,real-estate-signs,Open House Sign Kit,open-house-sign-kit,cmlps751m000ju96on2dq6acf,14
signs-rigid-boards,Signs & Rigid Boards,foam-board-signs,Custom Foam Board Sign,custom-foam-board,cmlh3qgbs0008unwgp9sxwj8m,0
signs-rigid-boards,Signs & Rigid Boards,foam-board-signs,Foam Board (Custom Size),foam-board,cmlfdmuw9000aunho6kk4t8hh,0
signs-rigid-boards,Signs & Rigid Boards,foam-board-signs,Foam Board / KT Board,rigid-foam-board-prints,cmlfiqb9l000ounfsg5w14k2x,0
signs-rigid-boards,Signs & Rigid Boards,foam-board-signs,Foam Board + Easel Back,foam-board-easel,cmlfdn05q001uunhom6i3nt96,0
signs-rigid-boards,Signs & Rigid Boards,foam-board-signs,Foam Board Prints,foam-board-prints,cmlfdmzzq001sunhoa540cu4g,0
signs-rigid-boards,Signs & Rigid Boards,foam-board-signs,Photo Board,photo-board,cmlh3qfx10002unwgiumrkmim,0
signs-rigid-boards,Signs & Rigid Boards,foam-board-signs,Tri-Fold Presentation Board,tri-fold-presentation-board,cmlps74pt000du96o2kftb0cv,22
signs-rigid-boards,Signs & Rigid Boards,a-frame-signs,A-Frame Inserts,a-frame-insert-prints,cmlfdni76007ounhocq4urndu,0
signs-rigid-boards,Signs & Rigid Boards,a-frame-signs,A-Frame Sandwich Board,a-frame-sandwich-board,cmlh3qgzh000kunwg7csbzxvx,0
signs-rigid-boards,Signs & Rigid Boards,election-signs,Election / Campaign Sign,election-campaign-sign,cmlh3qh56000nunwgwpb8x54p,0
signs-rigid-boards,Signs & Rigid Boards,display-signs,ACM / Dibond Signs,acm-dibond-signs,cmlfdn16q0026unhofzokc5we,0
signs-rigid-boards,Signs & Rigid Boards,display-signs,Acrylic Signs,acrylic-signs,cmlfdn0nw0020unhoqx261v8j,0
signs-rigid-boards,Signs & Rigid Boards,display-signs,Aluminum Composite (Dibond),aluminum-composite,cmlfdmv25000cunhoda1qr7i7,0
signs-rigid-boards,Signs & Rigid Boards,display-signs,Aluminum Signs,aluminum-signs,cmlfdn1d10028unhol3ipg14m,0
signs-rigid-boards,Signs & Rigid Boards,display-signs,Backdrop Board,backdrop-board,cmlfdnhjt007gunho1084thc9,0
signs-rigid-boards,Signs & Rigid Boards,display-signs,Clear Acrylic Signs,clear-acrylic-signs,cmlfdn0ua0022unhoob2ji9r3,0
signs-rigid-boards,Signs & Rigid Boards,display-signs,Construction Site Signs,construction-site-signs,cmlfdn298002iunhos9a5ytb9,0
signs-rigid-boards,Signs & Rigid Boards,display-signs,Frosted Acrylic Signs,frosted-acrylic-signs,cmlfdn10l0024unho3zpxh7xu,0
signs-rigid-boards,Signs & Rigid Boards,display-signs,Gatorboard Signs,gatorboard-signs,cmlfdn0bq001wunho42xx9icx,0
signs-rigid-boards,Signs & Rigid Boards,display-signs,Handheld Sign,handheld-sign,cmlh3qg600005unwgpycy9cdg,0
signs-rigid-boards,Signs & Rigid Boards,display-signs,Handheld Signs,handheld-signs,cmlfdn1q3002cunhoudqughei,0
signs-rigid-boards,Signs & Rigid Boards,display-signs,Menu Boards,menu-boards,cmlfdn2lc002munhovmeqhda3,0
signs-rigid-boards,Signs & Rigid Boards,display-signs,Parking & Property Signs,parking-property-signs,cmlfdn1wf002eunhog0w6q1w7,0
signs-rigid-boards,Signs & Rigid Boards,display-signs,PVC Sintra Signs,pvc-sintra-signs,cmlfdn0ht001yunhox3z7cms5,0
signs-rigid-boards,Signs & Rigid Boards,display-signs,Rigid Tags / Tickets,tags-tickets-rigid,cmlfdnidy007qunhog94ignid,0
signs-rigid-boards,Signs & Rigid Boards,display-signs,Safety Signs,safety-signs,cmlfdn22x002gunhojn1rabt1,0
signs-rigid-boards,Signs & Rigid Boards,display-signs,Standoff Mounted Signs,standoff-mounted-signs,cmlfdn2xt002qunhofb87z7xp,0
signs-rigid-boards,Signs & Rigid Boards,display-signs,Table Easel Display,table-easel-display,cmlh3qgtw000hunwgk7h8sl9o,0
signs-rigid-boards,Signs & Rigid Boards,display-signs,Tabletop Signs,tabletop-signs,cmlfdn2ri002ounhol0kxyp7o,0
signs-rigid-boards,Signs & Rigid Boards,display-signs,Tabletop Signs,rigid-tabletop-signs,cmlfiqbpf000qunfstugib4vd,0
signs-rigid-boards,Signs & Rigid Boards,display-signs,Wayfinding Signs,wayfinding-signs,cmlfdn2fa002kunho76m8nvvv,0
signs-rigid-boards,Signs & Rigid Boards,display-signs,QR Code Signs,qr-code-signs,cmlps74f10007u96ob7tx8fla,50
signs-rigid-boards,Signs & Rigid Boards,display-signs,Address & House Number Signs,address-house-number-signs,cmlps74ki000au96owl1jfd2p,51
signs-rigid-boards,Signs & Rigid Boards,display-signs,Business Hours Sign,business-hours-sign,cmlps74ve000gu96ouy4cihwi,52
signs-rigid-boards,Signs & Rigid Boards,display-signs,ADA & Braille Signs,ada-braille-signs,cmlps757a000mu96ozhs2iej6,53
signs-rigid-boards,Signs & Rigid Boards,event-boards,Selfie Frame Board,selfie-frame-board,cmlprsvni0001u95k7szmecp8,60
signs-rigid-boards,Signs & Rigid Boards,event-boards,Life-Size Cutout Standee,life-size-cutout,cmlprsvvq0004u95k8g65dmez,61
signs-rigid-boards,Signs & Rigid Boards,event-boards,Giant Presentation Cheque,giant-presentation-check,cmlprsw170007u95k2fuwijp6,62
signs-rigid-boards,Signs & Rigid Boards,event-boards,Welcome Sign Board,welcome-sign-board,cmlprsw6m000au95kn948977a,63
signs-rigid-boards,Signs & Rigid Boards,event-boards,Seating Chart Board,seating-chart-board,cmlprswc1000du95kat1vguuo,64
signs-rigid-boards,Signs & Rigid Boards,event-boards,Celebration & Milestone Board,event-celebration-board,cmlprswhs000gu95kilpkh2jm,65
signs-rigid-boards,Signs & Rigid Boards,event-boards,Memorial & Tribute Board,memorial-tribute-board,cmlprswn9000ju95kq74qkpma,66
signs-rigid-boards,Signs & Rigid Boards,event-boards,Photo Collage Board,photo-collage-board,cmlprswsu000mu95k4ckdzr38,67
signs-rigid-boards,Signs & Rigid Boards,event-boards,Photo Backdrop Board,event-photo-backdrop,cmlprswy9000pu95k2o8klcz4,68
signs-rigid-boards,Signs & Rigid Boards,event-boards,Handheld Photo Prop Board,handheld-prop-board,cmlprsx3s000su95k4ahi4omk,69
signs-rigid-boards,Signs & Rigid Boards,event-boards,Custom Dry-Erase Board,dry-erase-rigid-board,cmlprsx97000vu95kodwy8jw4,70
signs-rigid-boards,Signs & Rigid Boards,event-boards,Floor Standup Display,floor-standup-display,cmlprsxei000yu95kxqek5hzl,71
signs-rigid-boards,Signs & Rigid Boards,event-boards,Face-in-Hole Photo Board,face-in-hole-board,cmlps74960004u96ohq63es9d,72
banners-displays,Banners & Displays,vinyl-banners,13oz Vinyl Banner,vinyl-banner-13oz,cmlfdmv7y000eunhofumo6s1g,0
banners-displays,Banners & Displays,vinyl-banners,Blockout Banners,blockout-banners,cmlfdn3n2002yunhow17bvs8r,0
banners-displays,Banners & Displays,vinyl-banners,Double-Sided Banners,double-sided-banners,cmlfdn3gu002wunhozhlkrrom,0
banners-displays,Banners & Displays,vinyl-banners,Vinyl Banners,vinyl-banners,cmlfdn340002sunhoyxaltaw8,0
banners-displays,Banners & Displays,mesh-banners,Heavy-Duty Mesh Banner,mesh-banner-heavy-duty,cmlprndm30006u9r48pcax6zm,0
banners-displays,Banners & Displays,mesh-banners,Mesh Banner (Wind Proof),mesh-banner,cmlfdmve8000gunhoyb4t9po4,0
banners-displays,Banners & Displays,mesh-banners,Mesh Banners,mesh-banners,cmlfdn3a9002uunho2qphb2yy,0
banners-displays,Banners & Displays,pole-banners,Double-Sided Pole Banner,pole-banner-double-sided,cmlprnd9h0002u9r4stwmu8e7,0
banners-displays,Banners & Displays,pole-banners,Pole Banner Hardware Kit,pole-banner-hardware-kit,cmlprndg40004u9r4w0wm3tjn,0
banners-displays,Banners & Displays,pole-banners,Pole Banners,pole-banners,cmlfdn3t10030unhoh6esi1ye,0
banners-displays,Banners & Displays,pole-banners,Single-Sided Pole Banner,pole-banner-single-sided,cmlprnczj0000u9r44mjzrfvo,0
banners-displays,Banners & Displays,canvas-prints,Canvas Prints - Standard,canvas-prints-standard,cmlpog3630002u9kgrblovaqu,0
banners-displays,Banners & Displays,canvas-prints,Framed Canvas Prints,framed-canvas-prints,cmlpog3c00005u9kgz4on8m07,0
banners-displays,Banners & Displays,canvas-prints,Gallery Wrap Canvas Prints,gallery-wrap-canvas-prints,cmlpog3ez0008u9kgx5whtlbd,0
banners-displays,Banners & Displays,canvas-prints,Panoramic Canvas Prints,panoramic-canvas-prints,cmlpog3ht000bu9kguc24lfaf,0
banners-displays,Banners & Displays,canvas-prints,Split Panel Canvas Sets,split-panel-canvas-prints,cmlpog3ki000eu9kg6ie9ztx5,0
banners-displays,Banners & Displays,fabric-banners,Double-Sided Fabric Banner,fabric-banner-double-sided,cmlprne4f000au9r4wtsvuhio,0
banners-displays,Banners & Displays,fabric-banners,Fabric Banner,fabric-banner,cmlprndui0008u9r4r0j37sfs,0
banners-displays,Banners & Displays,fabric-banners,Hanging Fabric Banner,fabric-banner-hanging,cmlprneb8000cu9r40dbb8afw,0
banners-displays,Banners & Displays,retractable-stands,Deluxe Roll-Up Banner Stand,deluxe-rollup-banner,cmlh52pw8000kun40yt0f2dms,-10
banners-displays,Banners & Displays,retractable-stands,L-Base Banner Stand,l-base-banner-stand,cmlh52pk9000gun40tl1c7aso,-10
banners-displays,Banners & Displays,retractable-stands,Retractable Banner Stand - Premium,retractable-banner-stand-premium,cmlh52o1r0000un40gxopntkw,-10
banners-displays,Banners & Displays,retractable-stands,L-Base Banner Stand (Hardware),banner-stand-l-base,cmlfdnaon0058unhojtw4pbw5,0
banners-displays,Banners & Displays,retractable-stands,Pull Up Banner,pull-up-banner,cmlfdniq6007uunho56l9wth1,0
banners-displays,Banners & Displays,retractable-stands,Roll-Up Banners,roll-up-banners,cmlfdn4i90038unho3vfoe6f8,0
banners-displays,Banners & Displays,retractable-stands,Roll-Up Stand (Hardware),banner-stand-rollup,cmlfdnaiq0056unho1bc087nd,0
banners-displays,Banners & Displays,retractable-stands,Roll-Up Stand Hardware,roll-up-stand-hardware,cmlfdn8pt004kunhojvhx0x87,0
banners-displays,Banners & Displays,x-banner-stands,Tabletop X-Banner Stand,tabletop-x-banner,cmlh52pq6000iun40zhg33efb,-10
banners-displays,Banners & Displays,x-banner-stands,X-Banner Stand - Large,x-banner-stand-large,cmlh52oh00004un40lsmac936,-10
banners-displays,Banners & Displays,x-banner-stands,X-Banner Stand - Standard,x-banner-stand-standard,cmlh52oap0002un403rgccyge,-10
banners-displays,Banners & Displays,x-banner-stands,X-Banner Frame + Print,x-banner-frame-print,cmlfdniw4007wunho2hoq02i0,0
banners-displays,Banners & Displays,x-banner-stands,X-Banner Prints,x-banner-prints,cmlfdn4bo0036unhocp8sxd9v,0
banners-displays,Banners & Displays,x-banner-stands,X-Stand (Hardware),banner-stand-x,cmlfdnacq0054unho2ng4v5wm,0
banners-displays,Banners & Displays,x-banner-stands,X-Stand Hardware,x-stand-hardware,cmlfdn8ju004iunhojm0fz7ru,0
banners-displays,Banners & Displays,tabletop-displays,Deluxe Tabletop Retractable - A3,deluxe-tabletop-retractable-a3,cmlh52ozo000aun40bazl1ndm,-10
banners-displays,Banners & Displays,tabletop-displays,Tabletop Banner - A3,tabletop-banner-a3,cmlh52ot80008un40xo722z22,-10
banners-displays,Banners & Displays,tabletop-displays,Tabletop Banner - A4,tabletop-banner-a4,cmlh52on10006un4023hxvq0t,-10
banners-displays,Banners & Displays,tabletop-displays,Banner Hems (Service),banner-hems,cmlfdnbd2005gunho4bencuc2,0
banners-displays,Banners & Displays,tabletop-displays,Double-Sided Tape (Add-on),double-sided-tape,cmlfdnc0y005ounhoceis922l,0
banners-displays,Banners & Displays,tabletop-displays,Drilled Holes (Service),drilled-holes-service,cmlfdnbou005kunhogci350lx,0
banners-displays,Banners & Displays,tabletop-displays,Grommets (Service),grommets-service,cmlfdnb79005eunhoz7m4al8z,0
banners-displays,Banners & Displays,tabletop-displays,Installation Service,installation-service,cmlfdnccz005sunho080iqun1,0
banners-displays,Banners & Displays,tabletop-displays,Pole Pockets (Service),pole-pockets,cmlfdnbiz005iunhogsmlr78n,0
banners-displays,Banners & Displays,tabletop-displays,Standoff Hardware Set,standoff-hardware-set,cmlfdnbur005munhoisfipjxr,0
banners-displays,Banners & Displays,tabletop-displays,Table Cloth,table-cloth,cmlfdnjvy0088unho1k3osvz0,0
banners-displays,Banners & Displays,tabletop-displays,Velcro Strips (Add-on),velcro-strips,cmlfdnc6z005qunhoidbsjxl2,0
banners-displays,Banners & Displays,tabletop-displays,Branded Table Cover — 6ft,branded-table-cover-6ft,cmljyiy1k0007unbwy2wdhvx8,27
banners-displays,Banners & Displays,tabletop-displays,Branded Table Runner,branded-table-runner,cmljyiy3j0008unbwdypgvn4f,28
banners-displays,Banners & Displays,backdrops-popups,Backdrop Stand Hardware,backdrop-stand-hardware,cmlfdn8vh004munhoiam76op2,0
banners-displays,Banners & Displays,backdrops-popups,Media Wall Pop-Up Frame,media-wall-pop-up,cmlfdnje00082unhol0bjpykv,0
banners-displays,Banners & Displays,backdrops-popups,Pillowcase Display,pillowcase-display-frame,cmlfdnj1y007yunho2yaosc2k,0
banners-displays,Banners & Displays,backdrops-popups,Step & Repeat Backdrops,step-repeat-backdrops,cmlfdn4om003aunho0bbz7m8s,0
banners-displays,Banners & Displays,backdrops-popups,Step & Repeat Stand Kit,step-and-repeat-stand-kit,cmlfdn91h004ounhorz1g7xti,0
banners-displays,Banners & Displays,backdrops-popups,Telescopic Backdrop,telescopic-backdrop,cmlfdnj7y0080unhocmi5mbyo,0
banners-displays,Banners & Displays,backdrops-popups,Tension Fabric Display 10ft,tension-fabric-display-10ft,cmlprnf6w000mu9r482ae06b5,0
banners-displays,Banners & Displays,backdrops-popups,Tension Fabric Display 8ft,tension-fabric-display-8ft,cmlprnf01000ku9r4a2tinnfa,0
banners-displays,Banners & Displays,backdrops-popups,Curved Pop-Up Display 8ft,popup-display-curved-8ft,cmljyixmg0000unbwu2necwko,20
banners-displays,Banners & Displays,backdrops-popups,Straight Pop-Up Display 8ft,popup-display-straight-8ft,cmljyixpr0001unbwho51fhug,21
banners-displays,Banners & Displays,backdrops-popups,Step & Repeat Backdrop 8×8,step-repeat-backdrop-8x8,cmljyixrm0002unbwkvw6uhxy,22
banners-displays,Banners & Displays,backdrops-popups,Tension Fabric Display 3×3,tension-fabric-display-3x3,cmljyixtk0003unbwwjzpmkby,23
banners-displays,Banners & Displays,flags-hardware,Feather Flag,feather-flag,cmlfdnjk40084unho1jlf4xsi,0
banners-displays,Banners & Displays,flags-hardware,Feather Flag Pole Set,feather-flag-pole-set,cmlfdn9j6004uunhoyw00koce,0
banners-displays,Banners & Displays,flags-hardware,Feather Flags,feather-flags,cmlfdn3z70032unhommj6oupq,0
banners-displays,Banners & Displays,flags-hardware,Flag Cross Base,flag-bases-cross,cmlfdn9v1004yunhovyk0hlve,0
banners-displays,Banners & Displays,flags-hardware,Flag Ground Stake,flag-base-ground-stake,cmlfdna0s0050unhoqsf3way0,0
banners-displays,Banners & Displays,flags-hardware,Flag Water Bag,flag-base-water-bag,cmlfdna6w0052unhoabcwqlbg,0
banners-displays,Banners & Displays,flags-hardware,Teardrop Flag,teardrop-flag,cmlfdnjq20086unhohqmd1m5i,0
banners-displays,Banners & Displays,flags-hardware,Teardrop Flag Pole Set,teardrop-flag-pole-set,cmlfdn9p3004wunhokyw7xj7h,0
banners-displays,Banners & Displays,flags-hardware,Teardrop Flags,teardrop-flags,cmlfdn45h0034unhott9dwyes,0
banners-displays,Banners & Displays,flags-hardware,Feather Flag — Medium,feather-flag-medium,cmljyixvm0004unbw9t0qgqf6,24
banners-displays,Banners & Displays,flags-hardware,Feather Flag — Large,feather-flag-large,cmljyixxl0005unbw1bi2e86z,25
banners-displays,Banners & Displays,flags-hardware,Teardrop Flag — Medium,teardrop-flag-medium,cmljyixzm0006unbwy67d1uxh,26
banners-displays,Banners & Displays,a-frames-signs,A-Frame Sidewalk Stand,a-frame-sign-stand,cmlfdnav8005aunhow5q6kjfp,0
banners-displays,Banners & Displays,a-frames-signs,A-Frame Stand,a-frame-stand,cmlfdn8da004gunhoixwn2pb5,0
banners-displays,Banners & Displays,a-frames-signs,Double-Sided A-Frame,a-frame-double-sided,cmlprnei5000eu9r4iwbc4jju,0
banners-displays,Banners & Displays,lawn-yard-signs,H-Wire Stake,h-stake-wire,cmlh52p63000cun40903mput0,-10
banners-displays,Banners & Displays,lawn-yard-signs,Real Estate Sign Frame,real-estate-frame,cmlh52pe3000eun40mfkgpsh1,-10
banners-displays,Banners & Displays,lawn-yard-signs,H-Stakes,h-stakes,cmlfdnb13005cunhorlbshkbt,0
banners-displays,Banners & Displays,tents-outdoor,10x10 Canopy Tent Frame,tent-frame-10x10,cmlfdn97d004qunhoz52qwk6j,0
banners-displays,Banners & Displays,tents-outdoor,Canopy Tent Side Walls Set,tent-walls-set,cmlfdn9dc004sunhojpf7tz79,0
banners-displays,Banners & Displays,tents-outdoor,Custom Printed Tent Top,tent-custom-print,cmlprneub000iu9r40fn9hgf3,0
banners-displays,Banners & Displays,tents-outdoor,Tent Half Walls,tent-half-walls,cmlprnenp000gu9r49ju9sb9w,0
banners-displays,Banners & Displays,tents-outdoor,Outdoor Canopy Tent 10×10,outdoor-canopy-tent-10x10,cmljyiy5d0009unbwxp99oohg,29
windows-walls-floors,"Windows, Walls & Floors",static-clings,Clear Static Cling,clear-static-cling,cmllehkvg0000ung8w92relvp,10
windows-walls-floors,"Windows, Walls & Floors",static-clings,Frosted Static Cling,frosted-static-cling,cmllehl540002ung8btuqajl2,11
windows-walls-floors,"Windows, Walls & Floors",adhesive-films,Frosted Matte Window Film,frosted-matte-window-film,cmllehlan0004ung8wfayqy0k,12
windows-walls-floors,"Windows, Walls & Floors",adhesive-films,Holographic Iridescent Film,holographic-iridescent-film,cmllehlg40006ung8i984s3cb,13
windows-walls-floors,"Windows, Walls & Floors",adhesive-films,Colour + White on Clear Vinyl,color-white-on-clear-vinyl,cmllehllz0008ung8shujrjzj,14
windows-walls-floors,"Windows, Walls & Floors",adhesive-films,Colour + White + Colour on Clear Vinyl,color-white-color-clear-vinyl,cmllehlrk000aung866hru08p,15
windows-walls-floors,"Windows, Walls & Floors",one-way-vision,One-Way Vision Graphics,one-way-vision-graphics,cmlfdn7uv004aunho0enqanyu,0
windows-walls-floors,"Windows, Walls & Floors",one-way-vision,Perforated Window Film,perforated-window-film,cmlfdmy9q0018unhotdf9ug9t,0
windows-walls-floors,"Windows, Walls & Floors",one-way-vision,Perforated Window Tint Graphic,vehicle-window-tint-graphic,cmljyiz41000qunbwst9xzkfs,7
windows-walls-floors,"Windows, Walls & Floors",one-way-vision,Perforated Window Graphics,window-graphics-perforated,cmllehlxd000cung8ugk71vrk,16
windows-walls-floors,"Windows, Walls & Floors",privacy-films,Frosted Privacy Film,frosted-privacy-film,cmlfdn7il0046unho9prbq079,0
windows-walls-floors,"Windows, Walls & Floors",privacy-films,Frosted Privacy Film,frosted-privacy-window-film,cmlemoacx002eu9tw090llgrq,2
windows-walls-floors,"Windows, Walls & Floors",window-lettering,Storefront Hours Decal,storefront-hours-door-decal-cut-vinyl,cmlemoa9i002cu9tw93yraqjw,3
windows-walls-floors,"Windows, Walls & Floors",window-lettering,Business Window Lettering,window-lettering-business,cmljyj05p0019unbwn3wddmy0,4
windows-walls-floors,"Windows, Walls & Floors",window-lettering,Window Lettering,window-lettering-cut-vinyl,cmlemo7zt0010u9twic8x18ti,5
windows-walls-floors,"Windows, Walls & Floors",window-lettering,Window Cut Vinyl Lettering,window-cut-vinyl-lettering,cmllehm32000eung8g0e0zc0t,17
windows-walls-floors,"Windows, Walls & Floors",wall-graphics,Wall Graphics,wall-graphics,cmlfdnm48008wunho9wrv9221,0
windows-walls-floors,"Windows, Walls & Floors",wall-graphics,Wall Murals,wall-murals,cmlfdn80y004cunhopywnikhc,0
windows-walls-floors,"Windows, Walls & Floors",wall-graphics,Custom Wall Mural,wall-mural-graphic,cmljyj07p001aunbw1afhsfu2,10
windows-walls-floors,"Windows, Walls & Floors",floor-graphics,Floor Graphics,floor-graphics,cmlfdn872004eunho19yzq9lh,0
windows-walls-floors,"Windows, Walls & Floors",floor-graphics,Floor Graphics,lf-floor-graphics,cmlfiqecm0016unfsuo516smf,0
windows-walls-floors,"Windows, Walls & Floors",floor-graphics,Custom Floor Logo Graphic,floor-logo-graphic,cmljyj09n001bunbwtoelfxzi,11
windows-walls-floors,"Windows, Walls & Floors",floor-graphics,Warehouse Floor Graphics,warehouse-floor-safety-graphics,cmlemo9ot0020u9twb9bw7p84,12
windows-walls-floors,"Windows, Walls & Floors",floor-graphics,Floor Arrows,floor-direction-arrows-set,cmlemo9s70022u9tw1zfy17sf,13
windows-walls-floors,"Windows, Walls & Floors",floor-graphics,Floor Number Markers,floor-number-markers-set,cmlemo9vm0024u9tweqx4wnvn,14
windows-walls-floors,"Windows, Walls & Floors",window-graphics,Frosted Film,window-frosted,cmlfdnlqy008sunhoft1303y4,0
windows-walls-floors,"Windows, Walls & Floors",window-graphics,Full Window Graphics,full-window-graphics,cmlfdn7or0048unhoilwzimj5,0
windows-walls-floors,"Windows, Walls & Floors",window-graphics,Perforated Window Film,window-perforated,cmlfdnlxa008uunholb43jfyq,0
windows-walls-floors,"Windows, Walls & Floors",window-graphics,Window Graphics,window-graphics,cmlfdnll1008qunhofrjihpnl,0
vehicle-graphics-fleet,Vehicle Graphics & Fleet,vehicle-wraps,Partial Wrap Graphics,partial-wrap-spot-graphics,cmlemo89w0016u9twnxkena8c,0
vehicle-graphics-fleet,Vehicle Graphics & Fleet,vehicle-wraps,Trailer Large Graphics,trailer-box-truck-large-graphics,cmlemo7mf000su9twa394kfww,0
vehicle-graphics-fleet,Vehicle Graphics & Fleet,vehicle-wraps,Vehicle Wrap (Print Only),vehicle-wrap-print-only-quote,cmlemo8k0001cu9twnnn19nfi,0
vehicle-graphics-fleet,Vehicle Graphics & Fleet,vehicle-wraps,Full Vehicle Wrap (Design + Print),full-vehicle-wrap-design-print,cmljyiynf000iunbwy1upurue,20
vehicle-graphics-fleet,Vehicle Graphics & Fleet,vehicle-wraps,Vehicle Roof Wrap,vehicle-roof-wrap,cmljyiyxh000nunbw9z4i02jf,25
vehicle-graphics-fleet,Vehicle Graphics & Fleet,vehicle-wraps,53ft Trailer Full Wrap,trailer-full-wrap,cmljyiyzf000ounbwdzbffhxq,26
vehicle-graphics-fleet,Vehicle Graphics & Fleet,door-panel-graphics,Custom Truck Door Lettering Kit,custom-truck-door-lettering-kit,cmlemo78l000ku9tw9gmv1ri9,0
vehicle-graphics-fleet,Vehicle Graphics & Fleet,door-panel-graphics,Printed Truck Door Decals,printed-truck-door-decals-full-color,cmlemo7fn000ou9twect2jwoy,0
vehicle-graphics-fleet,Vehicle Graphics & Fleet,door-panel-graphics,Tailgate Decal,tailgate-rear-door-printed-decal,cmlemo8db0018u9tw00b4wpp3,0
vehicle-graphics-fleet,Vehicle Graphics & Fleet,door-panel-graphics,Truck Side Panel Decal,truck-side-panel-printed-decal,cmlemo8gp001au9twbl37e2je,0
vehicle-graphics-fleet,Vehicle Graphics & Fleet,door-panel-graphics,Car Hood Decal,car-hood-decal,cmljyiyrh000kunbw5r5t5ea9,22
vehicle-graphics-fleet,Vehicle Graphics & Fleet,vehicle-decals,Custom Cut Vinyl Lettering,custom-cut-vinyl-lettering-any-text,cmlemo7wf000yu9twz1eeeka9,0
vehicle-graphics-fleet,Vehicle Graphics & Fleet,vehicle-decals,Custom Van Logo Decals,custom-printed-vehicle-logo-decals,cmlemo7c0000mu9tw8s6awhzu,0
vehicle-graphics-fleet,Vehicle Graphics & Fleet,vehicle-decals,Long-Term Outdoor Decals,long-term-outdoor-vehicle-decals,cmlemo86j0014u9tw9tfcb3bo,0
vehicle-graphics-fleet,Vehicle Graphics & Fleet,vehicle-decals,Removable Promo Decals,removable-promo-vehicle-decals,cmlemo8370012u9twdjmtn228,0
vehicle-graphics-fleet,Vehicle Graphics & Fleet,vehicle-decals,Social Media QR Decals,social-qr-vehicle-decals,cmlemo7t4000wu9twc9aexc6s,0
vehicle-graphics-fleet,Vehicle Graphics & Fleet,vehicle-decals,Custom Bumper Sticker,bumper-sticker-custom,cmljyiytg000lunbwjwnnldw5,23
vehicle-graphics-fleet,Vehicle Graphics & Fleet,vehicle-decals,Boat Registration Lettering,boat-lettering-registration,cmljyiz1x000punbw8u1es1lh,27
vehicle-graphics-fleet,Vehicle Graphics & Fleet,magnetic-signs,Magnetic Car Signs,magnetic-car-signs,cmlfdn1jw002aunhovwa15ao3,0
vehicle-graphics-fleet,Vehicle Graphics & Fleet,magnetic-signs,Magnetic Truck Door Signs,magnetic-truck-door-signs,cmlemo7pr000uu9tw5e3jtpsp,0
vehicle-graphics-fleet,Vehicle Graphics & Fleet,magnetic-signs,Car Door Magnets (Pair),car-door-magnets-pair,cmljyiypf000junbwn7m6zqsu,21
vehicle-graphics-fleet,Vehicle Graphics & Fleet,magnetic-signs,Magnetic Rooftop Car Topper,magnetic-rooftop-sign,cmljyiz5y000runbwh0wqn0zh,29
vehicle-graphics-fleet,Vehicle Graphics & Fleet,fleet-packages,Rear Chevron Kit,high-visibility-rear-chevron-kit,cmlemo8qr001gu9tw5nh1imni,0
vehicle-graphics-fleet,Vehicle Graphics & Fleet,fleet-packages,Reflective Conspicuity Tape,reflective-conspicuity-tape-kit,cmlemo8ne001eu9twj4lm22zr,0
vehicle-graphics-fleet,Vehicle Graphics & Fleet,fleet-packages,Reflective Safety Stripes,reflective-safety-stripes-kit,cmlemo8u4001iu9twzex090xu,0
vehicle-graphics-fleet,Vehicle Graphics & Fleet,fleet-packages,Stay Back Warning,stay-back-warning-decals,cmlemo8xf001ku9tw1gc24kcm,0
vehicle-graphics-fleet,Vehicle Graphics & Fleet,fleet-packages,Fleet Graphic Package,fleet-graphic-package,cmljyiyvf000munbwuj4poaz1,24
vehicle-graphics-fleet,Vehicle Graphics & Fleet,vehicle-graphics,Car Graphics,car-graphics,cmlfdnmac008yunhoh4pk3ya3,0
vehicle-graphics-fleet,Vehicle Graphics & Fleet,dot-mc-numbers,CVOR Number Decals,cvor-number-decals,cmlemo6ds0002u9twgroystp9,0
vehicle-graphics-fleet,Vehicle Graphics & Fleet,dot-mc-numbers,TSSA Truck Number Lettering (Cut Vinyl),tssa-truck-number-lettering-cut-vinyl,cmlemo6810000u9tw2fciz0u9,0
vehicle-graphics-fleet,Vehicle Graphics & Fleet,dot-mc-numbers,US DOT Number Decals,usdot-number-decals,cmlemo6h90004u9twcflk5cup,0
vehicle-graphics-fleet,Vehicle Graphics & Fleet,dot-mc-numbers,MC Number Decals,mc-number-decals,cmljyiy7i000aunbwfv15ps6a,15
vehicle-graphics-fleet,Vehicle Graphics & Fleet,dot-mc-numbers,NSC Number Decals,nsc-number-decals,cmljyiy9n000bunbw8yjs5iex,16
vehicle-graphics-fleet,Vehicle Graphics & Fleet,dot-mc-numbers,Trailer ID Number Decals,trailer-id-number-decals,cmljyiyff000eunbw4fab7e31,19
vehicle-graphics-fleet,Vehicle Graphics & Fleet,unit-weight-ids,Equipment ID Decals,equipment-id-decals-cut-vinyl,cmlemo71o000gu9twf1bcbz7e,0
vehicle-graphics-fleet,Vehicle Graphics & Fleet,unit-weight-ids,Fleet Unit Number Stickers,fleet-unit-number-stickers,cmlemo6ko0006u9tw7c79ef3z,0
vehicle-graphics-fleet,Vehicle Graphics & Fleet,unit-weight-ids,GVW / Tare Weight Lettering,gvw-tare-weight-lettering,cmlemo6o00008u9twusrsacpw,0
vehicle-graphics-fleet,Vehicle Graphics & Fleet,spec-labels,Fuel Type Labels (Diesel / Gas),fuel-type-labels-diesel-gas,cmlemo6ri000au9tw5ofitbys,0
vehicle-graphics-fleet,Vehicle Graphics & Fleet,spec-labels,Tire Pressure / Load Labels,tire-pressure-load-labels,cmlemo6ux000cu9tw16x5ufnq,0
vehicle-graphics-fleet,Vehicle Graphics & Fleet,spec-labels,Dangerous Goods Placards,dangerous-goods-placards,cmljyiyhd000funbwprynzzwt,20
vehicle-graphics-fleet,Vehicle Graphics & Fleet,inspection-compliance,Vehicle Inspection Stickers,vehicle-inspection-maintenance-stickers,cmlemo6ya000eu9twkbx9wng1,0
vehicle-graphics-fleet,Vehicle Graphics & Fleet,inspection-compliance,IFTA Cab Card Holder Decal,ifta-cab-card-holder,cmljyiybj000cunbw5kl05p44,17
vehicle-graphics-fleet,Vehicle Graphics & Fleet,inspection-compliance,Truck Door Compliance Kit,truck-door-compliance-kit,cmljyiydf000dunbwcl6zowsk,18
vehicle-graphics-fleet,Vehicle Graphics & Fleet,inspection-compliance,Hours of Service Log Holder,hours-of-service-log-holder,cmljyiyjg000gunbwduu1g3eh,21
vehicle-graphics-fleet,Vehicle Graphics & Fleet,inspection-compliance,Fleet Vehicle Inspection Book,fleet-vehicle-inspection-book,cmljyiylg000hunbwn7nvyczg,22
