category,subseries,slug,name,source
"banners-displays","uncategorized","blockout-banners","Blockout Banners","orphan"
"banners-displays","uncategorized","canvas-prints","Canvas Prints","orphan"
"banners-displays","uncategorized","double-sided-banners","Double-Sided Banners","orphan"
"banners-displays","uncategorized","feather-flag","Feather Flag","orphan"
"banners-displays","uncategorized","feather-flags","Feather Flags","orphan"
"banners-displays","uncategorized","media-wall-pop-up","Media Wall Pop-Up Frame","orphan"
"banners-displays","uncategorized","mesh-banners","Mesh Banners","orphan"
"banners-displays","uncategorized","pillowcase-display-frame","Pillowcase Display","orphan"
"banners-displays","uncategorized","pole-banners","Pole Banners","orphan"
"banners-displays","uncategorized","pull-up-banner","Pull Up Banner","orphan"
"banners-displays","uncategorized","roll-up-banners","Roll-Up Banners","orphan"
"banners-displays","uncategorized","step-repeat-backdrops","Step & Repeat Backdrops","orphan"
"banners-displays","uncategorized","table-cloth","Table Cloth","orphan"
"banners-displays","uncategorized","teardrop-flag","Teardrop Flag","orphan"
"banners-displays","uncategorized","teardrop-flags","Teardrop Flags","orphan"
"banners-displays","uncategorized","telescopic-backdrop","Telescopic Backdrop","orphan"
"banners-displays","uncategorized","vinyl-banners","Vinyl Banners","orphan"
"banners-displays","uncategorized","x-banner-frame-print","X-Banner Frame + Print","orphan"
"banners-displays","uncategorized","x-banner-prints","X-Banner Prints","orphan"
"display-stands","uncategorized","a-frame-sign-stand","A-Frame Sidewalk Stand","orphan"
"display-stands","uncategorized","a-frame-stand","A-Frame Stand","orphan"
"display-stands","uncategorized","backdrop-stand-hardware","Backdrop Stand Hardware","orphan"
"display-stands","uncategorized","banner-hems","Banner Hems (Service)","orphan"
"display-stands","uncategorized","banner-stand-l-base","L-Base Banner Stand (Hardware)","orphan"
"display-stands","uncategorized","banner-stand-rollup","Roll-Up Stand (Hardware)","orphan"
"display-stands","uncategorized","banner-stand-x","X-Stand (Hardware)","orphan"
"display-stands","uncategorized","branded-table-cover-6ft","Branded Table Cover — 6ft","orphan"
"display-stands","uncategorized","branded-table-runner","Branded Table Runner","orphan"
"display-stands","uncategorized","deluxe-rollup-banner","Deluxe Roll-Up Banner Stand","orphan"
"display-stands","uncategorized","deluxe-tabletop-retractable-a3","Deluxe Tabletop Retractable - A3","orphan"
"display-stands","uncategorized","double-sided-tape","Double-Sided Tape (Add-on)","orphan"
"display-stands","uncategorized","drilled-holes-service","Drilled Holes (Service)","orphan"
"display-stands","uncategorized","feather-flag-large","Feather Flag — Large","orphan"
"display-stands","uncategorized","feather-flag-medium","Feather Flag — Medium","orphan"
"display-stands","uncategorized","feather-flag-pole-set","Feather Flag Pole Set","orphan"
"display-stands","uncategorized","flag-base-ground-stake","Flag Ground Stake","orphan"
"display-stands","uncategorized","flag-base-water-bag","Flag Water Bag","orphan"
"display-stands","uncategorized","flag-bases-cross","Flag Cross Base","orphan"
"display-stands","uncategorized","grommets-service","Grommets (Service)","orphan"
"display-stands","uncategorized","h-stake-wire","H-Wire Stake","orphan"
"display-stands","uncategorized","h-stakes","H-Stakes","orphan"
"display-stands","uncategorized","installation-service","Installation Service","orphan"
"display-stands","uncategorized","l-base-banner-stand","L-Base Banner Stand","orphan"
"display-stands","uncategorized","outdoor-canopy-tent-10x10","Outdoor Canopy Tent 10×10","orphan"
"display-stands","uncategorized","pole-pockets","Pole Pockets (Service)","orphan"
"display-stands","uncategorized","popup-display-curved-8ft","Curved Pop-Up Display 8ft","orphan"
"display-stands","uncategorized","popup-display-straight-8ft","Straight Pop-Up Display 8ft","orphan"
"display-stands","uncategorized","real-estate-frame","Real Estate Sign Frame","orphan"
"display-stands","uncategorized","retractable-banner-stand-premium","Retractable Banner Stand - Premium","orphan"
"display-stands","uncategorized","roll-up-stand-hardware","Roll-Up Stand Hardware","orphan"
"display-stands","uncategorized","standoff-hardware-set","Standoff Hardware Set","orphan"
"display-stands","uncategorized","step-and-repeat-stand-kit","Step & Repeat Stand Kit","orphan"
"display-stands","uncategorized","step-repeat-backdrop-8x8","Step & Repeat Backdrop 8×8","orphan"
"display-stands","uncategorized","tabletop-banner-a3","Tabletop Banner - A3","orphan"
"display-stands","uncategorized","tabletop-banner-a4","Tabletop Banner - A4","orphan"
"display-stands","uncategorized","tabletop-x-banner","Tabletop X-Banner Stand","orphan"
"display-stands","uncategorized","teardrop-flag-medium","Teardrop Flag — Medium","orphan"
"display-stands","uncategorized","teardrop-flag-pole-set","Teardrop Flag Pole Set","orphan"
"display-stands","uncategorized","tension-fabric-display-3x3","Tension Fabric Display 3×3","orphan"
"display-stands","uncategorized","tent-frame-10x10","10x10 Canopy Tent Frame","orphan"
"display-stands","uncategorized","tent-walls-set","Canopy Tent Side Walls Set","orphan"
"display-stands","uncategorized","velcro-strips","Velcro Strips (Add-on)","orphan"
"display-stands","uncategorized","x-banner-stand-large","X-Banner Stand - Large","orphan"
"display-stands","uncategorized","x-banner-stand-standard","X-Banner Stand - Standard","orphan"
"display-stands","uncategorized","x-stand-hardware","X-Stand Hardware","orphan"
"facility-asset-labels","uncategorized","aisle-markers-hanging","Hanging Aisle Markers","orphan"
"facility-asset-labels","uncategorized","asset-tags-tamper-evident","Asset Tags","orphan"
"facility-asset-labels","uncategorized","cable-panel-labels","Panel Labels","orphan"
"facility-asset-labels","uncategorized","dock-door-numbers","Loading Dock Door Numbers","orphan"
"facility-asset-labels","uncategorized","electrical-panel-labels","Electrical Panel Directory Labels","orphan"
"facility-asset-labels","uncategorized","emergency-exit-egress-signs-set","Emergency Exit Signs","orphan"
"facility-asset-labels","uncategorized","equipment-rating-plates","Equipment Rating Plates","orphan"
"facility-asset-labels","uncategorized","fire-extinguisher-location-stickers","Fire Extinguisher Stickers","orphan"
"facility-asset-labels","uncategorized","first-aid-location-stickers","First Aid Stickers","orphan"
"facility-asset-labels","uncategorized","hazard-ghs-labels","Hazard GHS Labels","orphan"
"facility-asset-labels","uncategorized","high-visibility-rear-chevron-kit","Rear Chevron Kit","orphan"
"facility-asset-labels","uncategorized","no-smoking-decals-set","No Smoking Decals","orphan"
"facility-asset-labels","uncategorized","parking-lot-stencils","Parking Lot Stencils","orphan"
"facility-asset-labels","uncategorized","pipe-markers-color-coded","Colour-Coded Pipe Markers","orphan"
"facility-asset-labels","uncategorized","pipe-markers-custom","Custom Pipe Markers","orphan"
"facility-asset-labels","uncategorized","ppe-hard-hat-stickers","Hard Hat Stickers","orphan"
"facility-asset-labels","uncategorized","rack-labels-warehouse","Warehouse Rack Labels","orphan"
"facility-asset-labels","uncategorized","reflective-conspicuity-tape-kit","Reflective Conspicuity Tape","orphan"
"facility-asset-labels","uncategorized","reflective-safety-stripes-kit","Reflective Safety Stripes","orphan"
"facility-asset-labels","uncategorized","safety-notice-decal-pack","Safety Notice Pack","orphan"
"facility-asset-labels","uncategorized","stay-back-warning-decals","Stay Back Warning","orphan"
"facility-asset-labels","uncategorized","tool-box-bin-labels","Bin Labels","orphan"
"facility-asset-labels","uncategorized","valve-tags-engraved","Engraved Valve Tags","orphan"
"facility-asset-labels","uncategorized","warehouse-zone-labels","Warehouse Zone Labels","orphan"
"fleet-compliance-id","uncategorized","dangerous-goods-placards","Dangerous Goods Placards","orphan"
"fleet-compliance-id","uncategorized","fleet-vehicle-inspection-book","Fleet Vehicle Inspection Book","orphan"
"fleet-compliance-id","uncategorized","hours-of-service-log-holder","Hours of Service Log Holder","orphan"
"fleet-compliance-id","uncategorized","ifta-cab-card-holder","IFTA Cab Card Holder Decal","orphan"
"fleet-compliance-id","uncategorized","mc-number-decals","MC Number Decals","orphan"
"fleet-compliance-id","uncategorized","nsc-number-decals","NSC Number Decals","orphan"
"fleet-compliance-id","uncategorized","trailer-id-number-decals","Trailer ID Number Decals","orphan"
"fleet-compliance-id","uncategorized","truck-door-compliance-kit","Truck Door Compliance Kit","orphan"
"large-format-graphics","floor-graphics","floor-direction-arrows-set","Floor Arrows","subseries"
"large-format-graphics","floor-graphics","floor-graphics","Floor Graphics","subseries"
"large-format-graphics","floor-graphics","floor-logo-graphic","Custom Floor Logo Graphic","subseries"
"large-format-graphics","floor-graphics","floor-number-markers-set","Floor Number Markers","subseries"
"large-format-graphics","floor-graphics","lf-floor-graphics","Floor Graphics","subseries"
"large-format-graphics","floor-graphics","warehouse-floor-safety-graphics","Warehouse Floor Graphics","subseries"
"large-format-graphics","vehicle-graphics","car-graphics","Car Graphics","subseries"
"large-format-graphics","wall-graphics","wall-graphics","Wall Graphics","subseries"
"large-format-graphics","wall-graphics","wall-mural-graphic","Custom Wall Mural","subseries"
"large-format-graphics","wall-graphics","wall-murals","Wall Murals","subseries"
"large-format-graphics","window-graphics","frosted-privacy-film","Frosted Privacy Film","subseries"
"large-format-graphics","window-graphics","full-window-graphics","Full Window Graphics","subseries"
"large-format-graphics","window-graphics","one-way-vision-graphics","One-Way Vision Graphics","subseries"
"large-format-graphics","window-graphics","window-frosted","Frosted Film","subseries"
"large-format-graphics","window-graphics","window-graphics","Window Graphics","subseries"
"large-format-graphics","window-graphics","window-perforated","Perforated Window Film","subseries"
"marketing-prints","booklets","booklets","Booklets","subseries"
"marketing-prints","booklets","booklets-perfect-bound","Perfect Bound Booklet","subseries"
"marketing-prints","booklets","booklets-saddle-stitch","Saddle Stitch Booklet","subseries"
"marketing-prints","booklets","booklets-wire-o","Wire-O Booklet","subseries"
"marketing-prints","brochures","brochures","Brochures","subseries"
"marketing-prints","brochures","brochures-bi-fold","Bi-Fold Brochure","subseries"
"marketing-prints","brochures","brochures-tri-fold","Tri-Fold Brochure","subseries"
"marketing-prints","brochures","brochures-z-fold","Z-Fold Brochure","subseries"
"marketing-prints","business-cards","business-cards-classic","Classic Business Cards","subseries"
"marketing-prints","business-cards","business-cards-gloss","Gloss Business Cards","subseries"
"marketing-prints","business-cards","business-cards-gold-foil","Gold Foil Business Cards","subseries"
"marketing-prints","business-cards","business-cards-linen","Linen Business Cards","subseries"
"marketing-prints","business-cards","business-cards-matte","Matte Business Cards","subseries"
"marketing-prints","business-cards","business-cards-pearl","Pearl Business Cards","subseries"
"marketing-prints","business-cards","business-cards-soft-touch","Soft Touch Business Cards","subseries"
"marketing-prints","business-cards","business-cards-thick","Thick Layered Business Cards","subseries"
"marketing-prints","business-forms","ncr-forms-duplicate","NCR Duplicate Forms (2-Part)","subseries"
"marketing-prints","business-forms","ncr-forms-triplicate","NCR Triplicate Forms (3-Part)","subseries"
"marketing-prints","business-forms","ncr-invoice-books","NCR Invoice Books","subseries"
"marketing-prints","business-forms","ncr-invoices","NCR Invoice","subseries"
"marketing-prints","business-forms","order-form-pads","Order Form Pads","subseries"
"marketing-prints","business-forms","order-forms-single","Order Form","subseries"
"marketing-prints","business-forms","release-forms","Release / Waiver Form","subseries"
"marketing-prints","business-forms","release-waiver-forms","Release / Waiver Forms","subseries"
"marketing-prints","cards-invitations","bf-certificates","Certificates","subseries"
"marketing-prints","cards-invitations","certificates","Certificates","subseries"
"marketing-prints","cards-invitations","gift-certificates","Gift Certificates","subseries"
"marketing-prints","cards-invitations","greeting-cards","Greeting Cards","subseries"
"marketing-prints","cards-invitations","invitation-cards","Invitation Cards","subseries"
"marketing-prints","cards-invitations","invitations-flat","Flat Invitations","subseries"
"marketing-prints","cards-invitations","loyalty-cards","Loyalty & Punch Cards","subseries"
"marketing-prints","door-hangers","door-hangers","Door Hangers","subseries"
"marketing-prints","door-hangers","door-hangers-large","Large Door Hanger","subseries"
"marketing-prints","door-hangers","door-hangers-perforated","Perforated Door Hanger","subseries"
"marketing-prints","door-hangers","door-hangers-standard","Standard Door Hanger","subseries"
"marketing-prints","envelopes","envelopes","Envelopes","subseries"
"marketing-prints","envelopes","envelopes-10-business","#10 Business Envelope","subseries"
"marketing-prints","envelopes","envelopes-6x9-catalog","6×9 Catalog Envelope","subseries"
"marketing-prints","envelopes","envelopes-9x12-catalog","9×12 Catalog Envelope","subseries"
"marketing-prints","envelopes","envelopes-a7-invitation","A7 Invitation Envelope","subseries"
"marketing-prints","flyers","flyers","Flyers","subseries"
"marketing-prints","flyers","flyers-large","Large Flyer","subseries"
"marketing-prints","flyers","flyers-small","Small Flyer","subseries"
"marketing-prints","flyers","flyers-standard","Standard Flyer","subseries"
"marketing-prints","menus","menus","Menus","subseries"
"marketing-prints","menus","menus-flat","Flat Menu","subseries"
"marketing-prints","menus","menus-folded","Folded Menu","subseries"
"marketing-prints","menus","menus-laminated","Laminated Menu","subseries"
"marketing-prints","menus","menus-takeout","Takeout Insert","subseries"
"marketing-prints","postcards","postcards","Postcards","subseries"
"marketing-prints","postcards","postcards-eddm","EDDM Postcard","subseries"
"marketing-prints","postcards","postcards-large","Large Postcard","subseries"
"marketing-prints","postcards","postcards-medium","Medium Postcard","subseries"
"marketing-prints","postcards","postcards-standard","Standard Postcard","subseries"
"marketing-prints","posters","posters","Posters","subseries"
"marketing-prints","posters","posters-adhesive","Adhesive Poster","subseries"
"marketing-prints","posters","posters-backlit","Backlit Poster","subseries"
"marketing-prints","posters","posters-glossy","Glossy Poster","subseries"
"marketing-prints","posters","posters-matte","Matte Poster","subseries"
"marketing-prints","presentation-folders","presentation-folders","Presentation Folders","subseries"
"marketing-prints","presentation-folders","presentation-folders-die-cut","Custom Die-Cut Folder","subseries"
"marketing-prints","presentation-folders","presentation-folders-legal","Legal Size Folder","subseries"
"marketing-prints","presentation-folders","presentation-folders-reinforced","Reinforced Folder","subseries"
"marketing-prints","presentation-folders","presentation-folders-standard","Standard 2-Pocket Folder","subseries"
"marketing-prints","promo-prints","cardstock-prints","Cardstock Prints (14pt) — Custom Size","subseries"
"marketing-prints","promo-prints","coupons","Coupons","subseries"
"marketing-prints","promo-prints","magnets-business-card","Business Card Magnets","subseries"
"marketing-prints","promo-prints","stickers-die-cut-custom","Custom Die-Cut Stickers","subseries"
"marketing-prints","promo-prints","stickers-roll-labels","Roll Labels","subseries"
"marketing-prints","promo-prints","tickets","Tickets","subseries"
"marketing-prints","promo-prints","yard-signs-coroplast","Coroplast Yard Signs","subseries"
"marketing-prints","rack-cards","rack-cards","Rack Cards","subseries"
"marketing-prints","rack-cards","rack-cards-folded","Folded Rack Card","subseries"
"marketing-prints","rack-cards","rack-cards-standard","Standard Rack Card","subseries"
"marketing-prints","rack-cards","rack-cards-tear-off","Tear Card","subseries"
"marketing-prints","stamps","stamps-r512","Self-Inking Stamp R-512","subseries"
"marketing-prints","stamps","stamps-r524","Self-Inking Stamp R-524","subseries"
"marketing-prints","stamps","stamps-r532","Self-Inking Stamp R-532","subseries"
"marketing-prints","stamps","stamps-r552","Self-Inking Stamp R-552","subseries"
"marketing-prints","stamps","stamps-s510","Self-Inking Stamp S-510","subseries"
"marketing-prints","stamps","stamps-s520","Self-Inking Stamp S-520","subseries"
"marketing-prints","stamps","stamps-s542","Self-Inking Stamp S-542","subseries"
"marketing-prints","stamps","stamps-s827","Self-Inking Stamp S-827","subseries"
"marketing-prints","stationery","bf-letterhead","Letterhead","subseries"
"marketing-prints","stationery","bf-notepads","Notepads","subseries"
"marketing-prints","stationery","bookmarks","Bookmarks","subseries"
"marketing-prints","stationery","bookmarks-custom","Custom Bookmarks","subseries"
"marketing-prints","stationery","calendars","Calendars","subseries"
"marketing-prints","stationery","calendars-wall","Custom Wall Calendars","subseries"
"marketing-prints","stationery","letterhead","Letterhead","subseries"
"marketing-prints","stationery","letterhead-standard","Letterhead","subseries"
"marketing-prints","stationery","notepads","Notepads","subseries"
"marketing-prints","stationery","notepads-custom","Custom Notepads","subseries"
"marketing-prints","tags-inserts","box-sleeves","Box Sleeves","subseries"
"marketing-prints","tags-inserts","hang-tags-custom","Custom Hang Tags","subseries"
"marketing-prints","tags-inserts","product-inserts","Product Inserts","subseries"
"marketing-prints","tags-inserts","table-display-cards","Table Display Cards","subseries"
"marketing-prints","tags-inserts","table-tents-4x6","Table Tents","subseries"
"marketing-prints","tags-inserts","tags-hang-tags","Tags / Hang Tags","subseries"
"packaging","uncategorized","hang-tags","Hang Tags","orphan"
"packaging","uncategorized","label-sets","Product Label Sets","orphan"
"packaging","uncategorized","packaging-inserts","Packaging Inserts","orphan"
"packaging","uncategorized","packing-slips","Packing Slips","orphan"
"packaging","uncategorized","sticker-seals","Sticker Seals","orphan"
"packaging","uncategorized","thank-you-cards","Thank You Cards","orphan"
"retail-promo","uncategorized","danglers","Dangler","orphan"
"retail-promo","uncategorized","rp-coupons","Coupons","orphan"
"retail-promo","uncategorized","rp-hang-tags","Hang Tags","orphan"
"retail-promo","uncategorized","rp-menus","Menus","orphan"
"retail-promo","uncategorized","rp-tickets","Tickets","orphan"
"retail-promo","uncategorized","shelf-talkers","Shelf Talkers","orphan"
"retail-promo","uncategorized","table-tent-cards","Table Tent Cards","orphan"
"retail-promo","uncategorized","wobblers","Wobbler","orphan"
"rigid-signs","uncategorized","a-frame-insert-prints","A-Frame Inserts","orphan"
"rigid-signs","uncategorized","a-frame-sandwich-board","A-Frame Sandwich Board","orphan"
"rigid-signs","uncategorized","acm-dibond-signs","ACM / Dibond Signs","orphan"
"rigid-signs","uncategorized","acrylic-signs","Acrylic Signs","orphan"
"rigid-signs","uncategorized","aluminum-composite","Aluminum Composite (Dibond)","orphan"
"rigid-signs","uncategorized","aluminum-signs","Aluminum Signs","orphan"
"rigid-signs","uncategorized","backdrop-board","Backdrop Board","orphan"
"rigid-signs","uncategorized","calendars-wall-desk","Calendars","orphan"
"rigid-signs","uncategorized","clear-acrylic-signs","Clear Acrylic Signs","orphan"
"rigid-signs","uncategorized","construction-site-signs","Construction Site Signs","orphan"
"rigid-signs","uncategorized","coroplast-signs","Coroplast Signs","orphan"
"rigid-signs","uncategorized","coroplast-yard-signs","Coroplast Yard Signs","orphan"
"rigid-signs","uncategorized","custom-foam-board","Custom Foam Board Sign","orphan"
"rigid-signs","uncategorized","directional-arrow-sign","Directional Arrow Sign","orphan"
"rigid-signs","uncategorized","directional-arrow-signs","Directional Arrow Signs","orphan"
"rigid-signs","uncategorized","double-sided-lawn-signs","Double-Sided Lawn Signs","orphan"
"rigid-signs","uncategorized","election-campaign-sign","Election / Campaign Sign","orphan"
"rigid-signs","uncategorized","foam-board","Foam Board (Custom Size)","orphan"
"rigid-signs","uncategorized","foam-board-easel","Foam Board + Easel Back","orphan"
"rigid-signs","uncategorized","foam-board-prints","Foam Board Prints","orphan"
"rigid-signs","uncategorized","frosted-acrylic-signs","Frosted Acrylic Signs","orphan"
"rigid-signs","uncategorized","gatorboard-signs","Gatorboard Signs","orphan"
"rigid-signs","uncategorized","handheld-sign","Handheld Sign","orphan"
"rigid-signs","uncategorized","handheld-signs","Handheld Signs","orphan"
"rigid-signs","uncategorized","lawn-signs-h-stake","Lawn Signs + H-Stake","orphan"
"rigid-signs","uncategorized","magnetic-car-signs","Magnetic Car Signs","orphan"
"rigid-signs","uncategorized","menu-boards","Menu Boards","orphan"
"rigid-signs","uncategorized","mesh-banner","Mesh Banner (Wind Proof)","orphan"
"rigid-signs","uncategorized","parking-property-signs","Parking & Property Signs","orphan"
"rigid-signs","uncategorized","photo-board","Photo Board","orphan"
"rigid-signs","uncategorized","pvc-sintra-signs","PVC Sintra Signs","orphan"
"rigid-signs","uncategorized","real-estate-agent-sign","Real Estate Agent Sign","orphan"
"rigid-signs","uncategorized","real-estate-sign","Real Estate Sign","orphan"
"rigid-signs","uncategorized","rigid-foam-board-prints","Foam Board / KT Board","orphan"
"rigid-signs","uncategorized","rigid-tabletop-signs","Tabletop Signs","orphan"
"rigid-signs","uncategorized","safety-signs","Safety Signs","orphan"
"rigid-signs","uncategorized","standoff-mounted-signs","Standoff Mounted Signs","orphan"
"rigid-signs","uncategorized","table-easel-display","Table Easel Display","orphan"
"rigid-signs","uncategorized","tabletop-signs","Tabletop Signs","orphan"
"rigid-signs","uncategorized","tags-tickets-rigid","Rigid Tags / Tickets","orphan"
"rigid-signs","uncategorized","vinyl-banner-13oz","13oz Vinyl Banner","orphan"
"rigid-signs","uncategorized","wayfinding-signs","Wayfinding Signs","orphan"
"rigid-signs","uncategorized","yard-sign","Yard Sign","orphan"
"rigid-signs","uncategorized","yard-sign-h-frame","Yard Sign + H-Frame","orphan"
"rigid-signs","uncategorized","yard-sign-panel-only","Yard Sign Panel","orphan"
"safety-warning-decals","uncategorized","arc-flash-labels","Arc Flash Warning Labels","orphan"
"safety-warning-decals","uncategorized","chemical-storage-labels","Chemical Storage Cabinet Labels","orphan"
"safety-warning-decals","uncategorized","confined-space-warning-signs","Confined Space Warning Signs","orphan"
"safety-warning-decals","uncategorized","crane-lift-capacity-labels","Crane & Lift Capacity Labels","orphan"
"safety-warning-decals","uncategorized","forklift-safety-decals","Forklift Safety Decal Kit","orphan"
"safety-warning-decals","uncategorized","high-voltage-warning-signs","High Voltage Warning Signs","orphan"
"safety-warning-decals","uncategorized","lockout-tagout-labels","Lockout/Tagout Labels","orphan"
"safety-warning-decals","uncategorized","ppe-required-signs","PPE Required Signs","orphan"
"safety-warning-decals","uncategorized","slip-trip-hazard-signs","Slip & Trip Hazard Signs","orphan"
"safety-warning-decals","uncategorized","whmis-workplace-labels","WHMIS Workplace Labels","orphan"
"stickers-labels","decals","floor-decals","Floor Decals","subseries"
"stickers-labels","decals","wall-decals","Wall Decals","subseries"
"stickers-labels","decals","window-decals","Window Decals","subseries"
"stickers-labels","die-cut-stickers","clear-singles","Clear Stickers (Singles)","subseries"
"stickers-labels","die-cut-stickers","die-cut-singles","Die-Cut Stickers (Singles)","subseries"
"stickers-labels","die-cut-stickers","die-cut-stickers","Die-Cut Stickers","subseries"
"stickers-labels","die-cut-stickers","foil-stickers","Foil Stickers","subseries"
"stickers-labels","die-cut-stickers","heavy-duty-vinyl-stickers","Heavy Duty Outdoor Vinyl Stickers","subseries"
"stickers-labels","die-cut-stickers","holographic-singles","Holographic Singles","subseries"
"stickers-labels","die-cut-stickers","holographic-stickers","Holographic Stickers","subseries"
"stickers-labels","die-cut-stickers","stickers-color-on-clear","Color on Clear Stickers","subseries"
"stickers-labels","die-cut-stickers","stickers-color-on-white","Color on White Stickers","subseries"
"stickers-labels","die-cut-stickers","stickers-single-diecut","Die-Cut Stickers","subseries"
"stickers-labels","kiss-cut-singles","removable-stickers","Removable Stickers","subseries"
"stickers-labels","specialty","magnets-flexible","Magnets","subseries"
"stickers-labels","specialty","perforated-window-film","Perforated Window Film","subseries"
"stickers-labels","sticker-pages","kiss-cut-sticker-sheets","Kiss-Cut Sticker Sheets","subseries"
"stickers-labels","sticker-pages","sticker-packs","Sticker Packs","subseries"
"stickers-labels","sticker-pages","sticker-sheets","Sticker Sheets (12x18)","subseries"
"stickers-labels","sticker-pages","stickers-multi-on-sheet","Multi on Sheet","subseries"
"stickers-labels","sticker-pages","stickers-sheet-kisscut","Sticker Sheets (Kiss-Cut)","subseries"
"stickers-labels","sticker-rolls","barcode-labels","Barcode Labels","subseries"
"stickers-labels","sticker-rolls","clear-labels","Clear Labels","subseries"
"stickers-labels","sticker-rolls","freezer-labels","Freezer Labels","subseries"
"stickers-labels","sticker-rolls","kraft-paper-labels","Kraft Paper Labels","subseries"
"stickers-labels","sticker-rolls","labels-clear","Clear Labels","subseries"
"stickers-labels","sticker-rolls","labels-roll-quote","Roll Labels","subseries"
"stickers-labels","sticker-rolls","labels-white-bopp","White BOPP Labels","subseries"
"stickers-labels","sticker-rolls","qr-code-labels","QR Code Labels","subseries"
"stickers-labels","sticker-rolls","roll-labels","Roll Labels","subseries"
"stickers-labels","sticker-rolls","white-bopp-labels","White BOPP Labels","subseries"
"stickers-labels","vinyl-lettering","transfer-vinyl-lettering","Transfer Vinyl Lettering","subseries"
"stickers-labels","vinyl-lettering","vinyl-lettering","Vinyl Lettering","subseries"
"vehicle-branding-advertising","uncategorized","asset-tags-qr-barcode","Asset Tags (QR / Barcode)","orphan"
"vehicle-branding-advertising","uncategorized","boat-lettering-registration","Boat Registration Lettering","orphan"
"vehicle-branding-advertising","uncategorized","bumper-sticker-custom","Custom Bumper Sticker","orphan"
"vehicle-branding-advertising","uncategorized","car-door-magnets-pair","Car Door Magnets (Pair)","orphan"
"vehicle-branding-advertising","uncategorized","car-hood-decal","Car Hood Decal","orphan"
"vehicle-branding-advertising","uncategorized","custom-cut-vinyl-lettering-any-text","Custom Cut Vinyl Lettering","orphan"
"vehicle-branding-advertising","uncategorized","custom-printed-vehicle-logo-decals","Custom Van Logo Decals","orphan"
"vehicle-branding-advertising","uncategorized","custom-truck-door-lettering-kit","Custom Truck Door Lettering Kit","orphan"
"vehicle-branding-advertising","uncategorized","cvor-number-decals","CVOR Number Decals","orphan"
"vehicle-branding-advertising","uncategorized","equipment-id-decals-cut-vinyl","Equipment ID Decals","orphan"
"vehicle-branding-advertising","uncategorized","fleet-graphic-package","Fleet Graphic Package","orphan"
"vehicle-branding-advertising","uncategorized","fleet-unit-number-stickers","Fleet Unit Number Stickers","orphan"
"vehicle-branding-advertising","uncategorized","fuel-type-labels-diesel-gas","Fuel Type Labels (Diesel / Gas)","orphan"
"vehicle-branding-advertising","uncategorized","full-vehicle-wrap-design-print","Full Vehicle Wrap (Design + Print)","orphan"
"vehicle-branding-advertising","uncategorized","gvw-tare-weight-lettering","GVW / Tare Weight Lettering","orphan"
"vehicle-branding-advertising","uncategorized","long-term-outdoor-vehicle-decals","Long-Term Outdoor Decals","orphan"
"vehicle-branding-advertising","uncategorized","magnetic-rooftop-sign","Magnetic Rooftop Car Topper","orphan"
"vehicle-branding-advertising","uncategorized","magnetic-truck-door-signs","Magnetic Truck Door Signs","orphan"
"vehicle-branding-advertising","uncategorized","partial-wrap-spot-graphics","Partial Wrap Graphics","orphan"
"vehicle-branding-advertising","uncategorized","printed-truck-door-decals-full-color","Printed Truck Door Decals","orphan"
"vehicle-branding-advertising","uncategorized","removable-promo-vehicle-decals","Removable Promo Decals","orphan"
"vehicle-branding-advertising","uncategorized","social-qr-vehicle-decals","Social Media QR Decals","orphan"
"vehicle-branding-advertising","uncategorized","tailgate-rear-door-printed-decal","Tailgate Decal","orphan"
"vehicle-branding-advertising","uncategorized","tire-pressure-load-labels","Tire Pressure / Load Labels","orphan"
"vehicle-branding-advertising","uncategorized","trailer-box-truck-large-graphics","Trailer Large Graphics","orphan"
"vehicle-branding-advertising","uncategorized","trailer-full-wrap","53ft Trailer Full Wrap","orphan"
"vehicle-branding-advertising","uncategorized","truck-side-panel-printed-decal","Truck Side Panel Decal","orphan"
"vehicle-branding-advertising","uncategorized","tssa-truck-number-lettering-cut-vinyl","TSSA Truck Number Lettering (Cut Vinyl)","orphan"
"vehicle-branding-advertising","uncategorized","usdot-number-decals","US DOT Number Decals","orphan"
"vehicle-branding-advertising","uncategorized","vehicle-inspection-maintenance-stickers","Vehicle Inspection Stickers","orphan"
"vehicle-branding-advertising","uncategorized","vehicle-roof-wrap","Vehicle Roof Wrap","orphan"
"vehicle-branding-advertising","uncategorized","vehicle-wrap-print-only-quote","Vehicle Wrap (Print Only)","orphan"
"window-glass-films","uncategorized","clear-static-cling","Clear Static Cling","orphan"
"window-glass-films","uncategorized","color-white-color-clear-vinyl","Colour + White + Colour on Clear Vinyl","orphan"
"window-glass-films","uncategorized","color-white-on-clear-vinyl","Colour + White on Clear Vinyl","orphan"
"window-glass-films","uncategorized","frosted-matte-window-film","Frosted Matte Window Film","orphan"
"window-glass-films","uncategorized","frosted-privacy-window-film","Frosted Privacy Film","orphan"
"window-glass-films","uncategorized","frosted-static-cling","Frosted Static Cling","orphan"
"window-glass-films","uncategorized","holographic-iridescent-film","Holographic Iridescent Film","orphan"
"window-glass-films","uncategorized","storefront-hours-door-decal-cut-vinyl","Storefront Hours Decal","orphan"
"window-glass-films","uncategorized","vehicle-window-tint-graphic","Perforated Window Tint Graphic","orphan"
"window-glass-films","uncategorized","window-cut-vinyl-lettering","Window Cut Vinyl Lettering","orphan"
"window-glass-films","uncategorized","window-graphics-perforated","Perforated Window Graphics","orphan"
"window-glass-films","uncategorized","window-lettering-business","Business Window Lettering","orphan"
"window-glass-films","uncategorized","window-lettering-cut-vinyl","Window Lettering","orphan"