category,placement_subseries,product_name,slug,id
banners-displays,a-frames-signs,A-Frame Sidewalk Stand,a-frame-sign-stand,cmlfdnav8005aunhow5q6kjfp
banners-displays,a-frames-signs,A-Frame Stand,a-frame-stand,cmlfdn8da004gunhoixwn2pb5
banners-displays,a-frames-signs,Double-Sided A-Frame,a-frame-double-sided,cmlprnei5000eu9r4iwbc4jju
banners-displays,backdrops-popups,Backdrop Stand Hardware,backdrop-stand-hardware,cmlfdn8vh004munhoiam76op2
banners-displays,backdrops-popups,Curved Pop-Up Display 8ft,popup-display-curved-8ft,cmljyixmg0000unbwu2necwko
banners-displays,backdrops-popups,Media Wall Pop-Up Frame,media-wall-pop-up,cmlfdnje00082unhol0bjpykv
banners-displays,backdrops-popups,Pillowcase Display,pillowcase-display-frame,cmlfdnj1y007yunho2yaosc2k
banners-displays,backdrops-popups,Step & Repeat Backdrop 8×8,step-repeat-backdrop-8x8,cmljyixrm0002unbwkvw6uhxy
banners-displays,backdrops-popups,Step & Repeat Backdrops,step-repeat-backdrops,cmlfdn4om003aunho0bbz7m8s
banners-displays,backdrops-popups,Step & Repeat Stand Kit,step-and-repeat-stand-kit,cmlfdn91h004ounhorz1g7xti
banners-displays,backdrops-popups,Straight Pop-Up Display 8ft,popup-display-straight-8ft,cmljyixpr0001unbwho51fhug
banners-displays,backdrops-popups,Telescopic Backdrop,telescopic-backdrop,cmlfdnj7y0080unhocmi5mbyo
banners-displays,backdrops-popups,Tension Fabric Display 10ft,tension-fabric-display-10ft,cmlprnf6w000mu9r482ae06b5
banners-displays,backdrops-popups,Tension Fabric Display 3×3,tension-fabric-display-3x3,cmljyixtk0003unbwwjzpmkby
banners-displays,backdrops-popups,Tension Fabric Display 8ft,tension-fabric-display-8ft,cmlprnf01000ku9r4a2tinnfa
banners-displays,canvas-prints,Canvas Prints - Standard,canvas-prints-standard,cmlpog3630002u9kgrblovaqu
banners-displays,canvas-prints,Framed Canvas Prints,framed-canvas-prints,cmlpog3c00005u9kgz4on8m07
banners-displays,canvas-prints,Gallery Wrap Canvas Prints,gallery-wrap-canvas-prints,cmlpog3ez0008u9kgx5whtlbd
banners-displays,canvas-prints,Panoramic Canvas Prints,panoramic-canvas-prints,cmlpog3ht000bu9kguc24lfaf
banners-displays,canvas-prints,Split Panel Canvas Sets,split-panel-canvas-prints,cmlpog3ki000eu9kg6ie9ztx5
banners-displays,fabric-banners,Double-Sided Fabric Banner,fabric-banner-double-sided,cmlprne4f000au9r4wtsvuhio
banners-displays,fabric-banners,Fabric Banner,fabric-banner,cmlprndui0008u9r4r0j37sfs
banners-displays,fabric-banners,Hanging Fabric Banner,fabric-banner-hanging,cmlprneb8000cu9r40dbb8afw
banners-displays,flags-hardware,Feather Flag,feather-flag,cmlfdnjk40084unho1jlf4xsi
banners-displays,flags-hardware,Feather Flag — Large,feather-flag-large,cmljyixxl0005unbw1bi2e86z
banners-displays,flags-hardware,Feather Flag — Medium,feather-flag-medium,cmljyixvm0004unbw9t0qgqf6
banners-displays,flags-hardware,Feather Flag Pole Set,feather-flag-pole-set,cmlfdn9j6004uunhoyw00koce
banners-displays,flags-hardware,Feather Flags,feather-flags,cmlfdn3z70032unhommj6oupq
banners-displays,flags-hardware,Flag Cross Base,flag-bases-cross,cmlfdn9v1004yunhovyk0hlve
banners-displays,flags-hardware,Flag Ground Stake,flag-base-ground-stake,cmlfdna0s0050unhoqsf3way0
banners-displays,flags-hardware,Flag Water Bag,flag-base-water-bag,cmlfdna6w0052unhoabcwqlbg
banners-displays,flags-hardware,Teardrop Flag,teardrop-flag,cmlfdnjq20086unhohqmd1m5i
banners-displays,flags-hardware,Teardrop Flag — Medium,teardrop-flag-medium,cmljyixzm0006unbwy67d1uxh
banners-displays,flags-hardware,Teardrop Flag Pole Set,teardrop-flag-pole-set,cmlfdn9p3004wunhokyw7xj7h
banners-displays,flags-hardware,Teardrop Flags,teardrop-flags,cmlfdn45h0034unhott9dwyes
banners-displays,lawn-yard-signs,H-Stakes,h-stakes,cmlfdnb13005cunhorlbshkbt
banners-displays,lawn-yard-signs,H-Wire Stake,h-stake-wire,cmlh52p63000cun40903mput0
banners-displays,lawn-yard-signs,Real Estate Sign Frame,real-estate-frame,cmlh52pe3000eun40mfkgpsh1
banners-displays,mesh-banners,Heavy-Duty Mesh Banner,mesh-banner-heavy-duty,cmlprndm30006u9r48pcax6zm
banners-displays,mesh-banners,Mesh Banner (Wind Proof),mesh-banner,cmlfdmve8000gunhoyb4t9po4
banners-displays,mesh-banners,Mesh Banners,mesh-banners,cmlfdn3a9002uunho2qphb2yy
banners-displays,pole-banners,Double-Sided Pole Banner,pole-banner-double-sided,cmlprnd9h0002u9r4stwmu8e7
banners-displays,pole-banners,Pole Banner Hardware Kit,pole-banner-hardware-kit,cmlprndg40004u9r4w0wm3tjn
banners-displays,pole-banners,Pole Banners,pole-banners,cmlfdn3t10030unhoh6esi1ye
banners-displays,pole-banners,Single-Sided Pole Banner,pole-banner-single-sided,cmlprnczj0000u9r44mjzrfvo
banners-displays,retractable-stands,Deluxe Roll-Up Banner Stand,deluxe-rollup-banner,cmlh52pw8000kun40yt0f2dms
banners-displays,retractable-stands,L-Base Banner Stand,l-base-banner-stand,cmlh52pk9000gun40tl1c7aso
banners-displays,retractable-stands,L-Base Banner Stand (Hardware),banner-stand-l-base,cmlfdnaon0058unhojtw4pbw5
banners-displays,retractable-stands,Pull Up Banner,pull-up-banner,cmlfdniq6007uunho56l9wth1
banners-displays,retractable-stands,Retractable Banner Stand - Premium,retractable-banner-stand-premium,cmlh52o1r0000un40gxopntkw
banners-displays,retractable-stands,Roll-Up Banners,roll-up-banners,cmlfdn4i90038unho3vfoe6f8
banners-displays,retractable-stands,Roll-Up Stand (Hardware),banner-stand-rollup,cmlfdnaiq0056unho1bc087nd
banners-displays,retractable-stands,Roll-Up Stand Hardware,roll-up-stand-hardware,cmlfdn8pt004kunhojvhx0x87
banners-displays,tabletop-displays,Banner Hems (Service),banner-hems,cmlfdnbd2005gunho4bencuc2
banners-displays,tabletop-displays,Branded Table Cover — 6ft,branded-table-cover-6ft,cmljyiy1k0007unbwy2wdhvx8
banners-displays,tabletop-displays,Branded Table Runner,branded-table-runner,cmljyiy3j0008unbwdypgvn4f
banners-displays,tabletop-displays,Deluxe Tabletop Retractable - A3,deluxe-tabletop-retractable-a3,cmlh52ozo000aun40bazl1ndm
banners-displays,tabletop-displays,Double-Sided Tape (Add-on),double-sided-tape,cmlfdnc0y005ounhoceis922l
banners-displays,tabletop-displays,Drilled Holes (Service),drilled-holes-service,cmlfdnbou005kunhogci350lx
banners-displays,tabletop-displays,Grommets (Service),grommets-service,cmlfdnb79005eunhoz7m4al8z
banners-displays,tabletop-displays,Installation Service,installation-service,cmlfdnccz005sunho080iqun1
banners-displays,tabletop-displays,Pole Pockets (Service),pole-pockets,cmlfdnbiz005iunhogsmlr78n
banners-displays,tabletop-displays,Standoff Hardware Set,standoff-hardware-set,cmlfdnbur005munhoisfipjxr
banners-displays,tabletop-displays,Table Cloth,table-cloth,cmlfdnjvy0088unho1k3osvz0
banners-displays,tabletop-displays,Tabletop Banner - A3,tabletop-banner-a3,cmlh52ot80008un40xo722z22
banners-displays,tabletop-displays,Tabletop Banner - A4,tabletop-banner-a4,cmlh52on10006un4023hxvq0t
banners-displays,tabletop-displays,Velcro Strips (Add-on),velcro-strips,cmlfdnc6z005qunhoidbsjxl2
banners-displays,tents-outdoor,10x10 Canopy Tent Frame,tent-frame-10x10,cmlfdn97d004qunhoz52qwk6j
banners-displays,tents-outdoor,Canopy Tent Side Walls Set,tent-walls-set,cmlfdn9dc004sunhojpf7tz79
banners-displays,tents-outdoor,Custom Printed Tent Top,tent-custom-print,cmlprneub000iu9r40fn9hgf3
banners-displays,tents-outdoor,Outdoor Canopy Tent 10×10,outdoor-canopy-tent-10x10,cmljyiy5d0009unbwxp99oohg
banners-displays,tents-outdoor,Tent Half Walls,tent-half-walls,cmlprnenp000gu9r49ju9sb9w
banners-displays,vinyl-banners,13oz Vinyl Banner,vinyl-banner-13oz,cmlfdmv7y000eunhofumo6s1g
banners-displays,vinyl-banners,Blockout Banners,blockout-banners,cmlfdn3n2002yunhow17bvs8r
banners-displays,vinyl-banners,Double-Sided Banners,double-sided-banners,cmlfdn3gu002wunhozhlkrrom
banners-displays,vinyl-banners,Vinyl Banners,vinyl-banners,cmlfdn340002sunhoyxaltaw8
banners-displays,x-banner-stands,Tabletop X-Banner Stand,tabletop-x-banner,cmlh52pq6000iun40zhg33efb
banners-displays,x-banner-stands,X-Banner Frame + Print,x-banner-frame-print,cmlfdniw4007wunho2hoq02i0
banners-displays,x-banner-stands,X-Banner Prints,x-banner-prints,cmlfdn4bo0036unhocp8sxd9v
banners-displays,x-banner-stands,X-Banner Stand - Large,x-banner-stand-large,cmlh52oh00004un40lsmac936
banners-displays,x-banner-stands,X-Banner Stand - Standard,x-banner-stand-standard,cmlh52oap0002un403rgccyge
banners-displays,x-banner-stands,X-Stand (Hardware),banner-stand-x,cmlfdnacq0054unho2ng4v5wm
banners-displays,x-banner-stands,X-Stand Hardware,x-stand-hardware,cmlfdn8ju004iunhojm0fz7ru
marketing-business-print,booklets,Booklets,booklets,cmlfdn5l2003kunhom8dyzn4h
marketing-business-print,booklets,Perfect Bound Booklet,booklets-perfect-bound,cmljxa6j2000funigyl9mi3mr
marketing-business-print,booklets,Saddle Stitch Booklet,booklets-saddle-stitch,cmljxa6h1000eunigwbntqt49
marketing-business-print,booklets,Wire-O Booklet,booklets-wire-o,cmljxa6lc000gunig5azxubo2
marketing-business-print,bookmarks,Bookmarks,bookmarks,cmlfdndsk0068unhon45ef0cl
marketing-business-print,bookmarks,Custom Bookmarks,bookmarks-custom,cmljyj15e001runbw9cplvhcf
marketing-business-print,brochures,Bi-Fold Brochure,brochures-bi-fold,cmljxa62v0007unigotznev6n
marketing-business-print,brochures,Brochures,brochures,cmlfdn5ew003iunhot1x8xofh
marketing-business-print,brochures,Brochures 折页,mp-brochures,cmlprngxq000su9r4jd4uvbxk
marketing-business-print,brochures,Tri-Fold Brochure,brochures-tri-fold,cmljxa64w0008unig9zrijxjf
marketing-business-print,brochures,Z-Fold Brochure,brochures-z-fold,cmljxa66v0009unig5nnz85ab
marketing-business-print,business-cards,Business Card Magnets,magnets-business-card,cmljyj0xj001nunbwdh42b81c
marketing-business-print,business-cards,Business Cards 名片,mp-business-cards,cmlprngmz000ou9r47dxysom1
marketing-business-print,business-cards,Classic Business Cards,business-cards-classic,cmlhhggjb0001unl4kip6ch76
marketing-business-print,business-cards,Gloss Business Cards,business-cards-gloss,cmlhhggmg0003unl45or3wtix
marketing-business-print,business-cards,Gold Foil Business Cards,business-cards-gold-foil,cmlhhggsc0009unl4ftxxval2
marketing-business-print,business-cards,Linen Business Cards,business-cards-linen,cmlhhggu9000bunl4oi3a23h4
marketing-business-print,business-cards,Matte Business Cards,business-cards-matte,cmlhhggog0005unl48fv0x4ov
marketing-business-print,business-cards,Pearl Business Cards,business-cards-pearl,cmlhhggw5000dunl4fmiblooy
marketing-business-print,business-cards,Soft Touch Business Cards,business-cards-soft-touch,cmlhhggqg0007unl4iyidppvj
marketing-business-print,business-cards,Thick Layered Business Cards,business-cards-thick,cmlhhggya000funl4jrz49aj5
marketing-business-print,calendars,Calendars,calendars-wall-desk,cmlfdnik0007sunhoa4amoeur
marketing-business-print,calendars,Calendars,calendars,cmlfdnehf006gunho5iogx29u
marketing-business-print,calendars,Custom Wall Calendars,calendars-wall,cmljyj0zg001ounbwla8aagba
marketing-business-print,certificates,Certificates,certificates,cmlfdnd9j0062unhouk5ahu0w
marketing-business-print,certificates,Certificates,bf-certificates,cmlfiqcpz000sunfsbd9f3iid
marketing-business-print,certificates,Certificates 证书,mp-certificates,cmlprnh8a000uu9r45iqzf3ml
marketing-business-print,certificates,Gift Certificates,gift-certificates,cmljyj0pn001junbwej1resal
marketing-business-print,door-hangers,Door Hangers,door-hangers,cmlfdn5xr003ounho4ght3v48
marketing-business-print,door-hangers,Door Hangers 门挂牌,mp-door-hangers,cmlprnhtz0012u9r44o6hc86d
marketing-business-print,door-hangers,Large Door Hanger,door-hangers-large,cmljxa7bh000tunighhw1qrsz
marketing-business-print,door-hangers,Perforated Door Hanger,door-hangers-perforated,cmljxa7dd000uunigo9w09ajd
marketing-business-print,door-hangers,Standard Door Hanger,door-hangers-standard,cmljxa79k000sunig7fh7orsv
marketing-business-print,envelopes,#10 Business Envelope,envelopes-10-business,cmljxa6vl000lunig5vdqehqg
marketing-business-print,envelopes,6×9 Catalog Envelope,envelopes-6x9-catalog,cmljxa6zq000nunigi3mdm99h
marketing-business-print,envelopes,9×12 Catalog Envelope,envelopes-9x12-catalog,cmljxa71q000ounign9enayhi
marketing-business-print,envelopes,A7 Invitation Envelope,envelopes-a7-invitation,cmljxa6xs000munigw1tt2f6h
marketing-business-print,envelopes,Envelopes,envelopes,cmlfdnf64006ounhoi114j41k
marketing-business-print,flyers,Flyers,flyers,cmlfdn514003eunhokc79ocf1
marketing-business-print,flyers,Flyers 传单,mp-flyers,cmlprngsa000qu9r420cmpth6
marketing-business-print,flyers,Large Flyer,flyers-large,cmljxa5sv0002unig9abb4hhi
marketing-business-print,flyers,Small Flyer,flyers-small,cmljxa5n10000unigoga9x06u
marketing-business-print,flyers,Standard Flyer,flyers-standard,cmljxa5qq0001unigbgu5pzab
marketing-business-print,greeting-cards,Greeting Cards,greeting-cards,cmlfdnf0d006munhoh74s2law
marketing-business-print,inserts-packaging,Box Sleeves,box-sleeves,cmlfdnenb006iunho5t8e8ked
marketing-business-print,inserts-packaging,Packaging Inserts,packaging-inserts,cmlfdn6o7003wunhoy4bakrvq
marketing-business-print,inserts-packaging,Packing Slips,packing-slips,cmlfdn7cc0044unhow4b9land
marketing-business-print,inserts-packaging,Product Inserts,product-inserts,cmlfdncru005wunho55ycb5ss
marketing-business-print,inserts-packaging,Sticker Seals,sticker-seals,cmlfdn76h0042unho4xbgfc23
marketing-business-print,inserts-packaging,Thank You Cards,thank-you-cards,cmlfdn6h4003uunho9jq5yklg
marketing-business-print,invitation-cards,Flat Invitations,invitations-flat,cmljyj17e001sunbwu0dvtqep
marketing-business-print,invitation-cards,Invitation Cards,invitation-cards,cmlfdneul006kunhoxtt268gv
marketing-business-print,letterhead,Letterhead,bf-letterhead,cmlfiqcwk000uunfss736padh
marketing-business-print,letterhead,Letterhead,letterhead-standard,cmljyj0fq001eunbwwz23ieua
marketing-business-print,letterhead,Letterhead,letterhead,cmlfdnfi1006sunhohlh658wd
marketing-business-print,letterhead,Letterhead 信纸,mp-letterhead,cmlprnij20018u9r4h0zss2fz
marketing-business-print,loyalty-cards,Loyalty & Punch Cards,loyalty-cards,cmljyj0rl001kunbwjbrsdx7z
marketing-business-print,menus,Flat Menu,menus-flat,cmljxa6nb000hunigrqsfa728
marketing-business-print,menus,Folded Menu,menus-folded,cmljxa6ph000iunigr6te7er4
marketing-business-print,menus,Laminated Menu,menus-laminated,cmljxa6rd000junigql7zl56s
marketing-business-print,menus,Menus,rp-menus,cmlfiqdfi000yunfsaq2l4g5c
marketing-business-print,menus,Menus,menus,cmlfdndlh0066unhokuskf20c
marketing-business-print,menus,Menus 菜单,mp-menus,cmlprnhip000yu9r42dftlnly
marketing-business-print,menus,Table Mat,table-mat,cmlokjtnl0000u9zw0bpgdj38
marketing-business-print,menus,Takeout Insert,menus-takeout,cmljxa6th000kunigb5py03c3
marketing-business-print,ncr-forms,NCR Duplicate Forms (2-Part),ncr-forms-duplicate,cmljyj0hu001funbwkh6hafyy
marketing-business-print,ncr-forms,NCR Invoice,ncr-invoices,cmlfdnfc0006qunho9j3ut3oz
marketing-business-print,ncr-forms,NCR Invoice Books,ncr-invoice-books,cmlfdnk7s008cunhoieukijxk
marketing-business-print,ncr-forms,NCR Triplicate Forms (3-Part),ncr-forms-triplicate,cmljyj0ju001gunbwwieqsw9o
marketing-business-print,notepads,Custom Notepads,notepads-custom,cmljyj0lr001hunbwktjoy03x
marketing-business-print,notepads,Notepads,bf-notepads,cmlfiqd38000wunfsi1watnh1
marketing-business-print,notepads,Notepads,notepads,cmlfdnfns006uunhob0bectq2
marketing-business-print,notepads,Notepads 记事本,mp-notepads,cmlprnio7001au9r49681dikf
marketing-business-print,order-forms,Order Form,order-forms-single,cmlfdncxr005yunhoc4hmh3tn
marketing-business-print,order-forms,Order Form Pads,order-form-pads,cmlfdnkds008eunho9j9lmkga
marketing-business-print,postcards,EDDM Postcard,postcards-eddm,cmljxa60v0006unigatmsijl6
marketing-business-print,postcards,Large Postcard,postcards-large,cmljxa5yu0005uniga4wnr8sy
marketing-business-print,postcards,Medium Postcard,postcards-medium,cmljxa5wp0004unignw7z9un5
marketing-business-print,postcards,Postcards,postcards,cmlfdn57g003gunhoyfxgtfc0
marketing-business-print,postcards,Postcards 明信片,mp-postcards,cmlprnhny0010u9r4o0jzu7t6
marketing-business-print,postcards,Standard Postcard,postcards-standard,cmljxa5up0003unigl76a8bnk
marketing-business-print,posters,Adhesive Poster,posters-adhesive,cmljxa6d0000cunig3xznq887
marketing-business-print,posters,Backlit Poster,posters-backlit,cmljxa6f0000dunig6pwkxf1d
marketing-business-print,posters,Glossy Poster,posters-glossy,cmljxa691000aunig5xmts500
marketing-business-print,posters,Matte Poster,posters-matte,cmljxa6b1000bunig8osd1w1r
marketing-business-print,posters,Posters,posters,cmlfdn6aj003sunhowt8c7dxd
marketing-business-print,presentation-folders,Custom Die-Cut Folder,presentation-folders-die-cut,cmljxa7lk000yunigf40e8ew6
marketing-business-print,presentation-folders,Legal Size Folder,presentation-folders-legal,cmljxa7jm000xunigylu2atfj
marketing-business-print,presentation-folders,Presentation Folders,presentation-folders,cmlfdn648003qunho9ekdjs50
marketing-business-print,presentation-folders,Presentation Folders 展示文件夹,mp-presentation-folders,cmlprni8u0016u9r4zqs5p24r
marketing-business-print,presentation-folders,Reinforced Folder,presentation-folders-reinforced,cmljxa7hl000wunigikd3fyip
marketing-business-print,presentation-folders,Standard 2-Pocket Folder,presentation-folders-standard,cmljxa7fg000vunig8ijc38xh
marketing-business-print,rack-cards,Folded Rack Card,rack-cards-folded,cmljxa77k000runigly8vas4q
marketing-business-print,rack-cards,Rack Cards,rack-cards,cmlfdn5rb003munho89rez0pc
marketing-business-print,rack-cards,Standard Rack Card,rack-cards-standard,cmljxa73p000punigt8113l67
marketing-business-print,rack-cards,Tear Card,rack-cards-tear-off,cmljxa75l000qunigbt5l6w02
marketing-business-print,retail-tags,Hang Tags,rp-hang-tags,cmlfiqe0e0014unfsvm702iu0
marketing-business-print,shelf-displays,Dangler,danglers,cmlfdnkyw008kunhoik4djh9b
marketing-business-print,shelf-displays,Shelf Talkers,shelf-talkers,cmlfdnl4x008munho55lxbg48
marketing-business-print,shelf-displays,Wobbler,wobblers,cmlfdnksw008iunhojuvhq6vp
marketing-business-print,stamps,Self-Inking Stamp R-512,stamps-r512,cmli8m4x60004unbshwu4ojxz
marketing-business-print,stamps,Self-Inking Stamp R-524,stamps-r524,cmli8m4yf0005unbsbw9mnnie
marketing-business-print,stamps,Self-Inking Stamp R-532,stamps-r532,cmli8m4zn0006unbs4h8aenau
marketing-business-print,stamps,Self-Inking Stamp R-552,stamps-r552,cmli8m50v0007unbsb9wg6qlj
marketing-business-print,stamps,Self-Inking Stamp S-510,stamps-s510,cmli8m4sz0001unbs997f4so8
marketing-business-print,stamps,Self-Inking Stamp S-520,stamps-s520,cmli8m4u00002unbsewurvlgp
marketing-business-print,stamps,Self-Inking Stamp S-542,stamps-s542,cmli8m4vl0003unbs9v39tdaf
marketing-business-print,stamps,Self-Inking Stamp S-827,stamps-s827,cmli8m4qn0000unbse1ndt0id
marketing-business-print,table-tents,Table Display Cards,table-display-cards,cmlfdndze006aunhocldwfrzx
marketing-business-print,table-tents,Table Tent Cards,table-tent-cards,cmlfdnle5008ounho1zjv8wsj
marketing-business-print,table-tents,Table Tents,table-tents-4x6,cmljyj0nq001iunbw9fcybz71
marketing-business-print,tags,Custom Hang Tags,hang-tags-custom,cmljyj11f001punbwxie1wdae
marketing-business-print,tags,Hang Tags,hang-tags,cmlfdn6ud003yunhotwp5zj6p
marketing-business-print,tags,Product Label Sets,label-sets,cmlfdn70f0040unhodnkkbkgw
marketing-business-print,tags,Tags / Hang Tags,tags-hang-tags,cmlfdne5e006cunhomjc5vq6b
marketing-business-print,tickets-coupons,Cardstock Prints (14pt) — Custom Size,cardstock-prints,cmlhderqd0002uncgutdyuvgx
marketing-business-print,tickets-coupons,Coupons,rp-coupons,cmlfiqdm20010unfs59soyu25
marketing-business-print,tickets-coupons,Coupons,coupons,cmlfdndff0064unho0g52msuu
marketing-business-print,tickets-coupons,Coupons 优惠券,mp-coupons,cmlprnhde000wu9r4fysqysrz
marketing-business-print,tickets-coupons,Tickets,tickets,cmlfdnebb006eunhofm1edcr9
marketing-business-print,tickets-coupons,Tickets,rp-tickets,cmlfiqds40012unfsrudkkk0a
marketing-business-print,tickets-coupons,Tickets 门票,mp-tickets,cmlprni1a0014u9r4wjl03iad
marketing-business-print,waivers-releases,Release / Waiver Form,release-forms,cmlfdnd3l0060unhojmw6if2o
marketing-business-print,waivers-releases,Release / Waiver Forms,release-waiver-forms,cmlfdnkjq008gunhoovlz0vxz
signs-rigid-boards,a-frame-signs,A-Frame Inserts,a-frame-insert-prints,cmlfdni76007ounhocq4urndu
signs-rigid-boards,a-frame-signs,A-Frame Sandwich Board,a-frame-sandwich-board,cmlh3qgzh000kunwg7csbzxvx
signs-rigid-boards,display-signs,ACM / Dibond Signs,acm-dibond-signs,cmlfdn16q0026unhofzokc5we
signs-rigid-boards,display-signs,Acrylic Signs,acrylic-signs,cmlfdn0nw0020unhoqx261v8j
signs-rigid-boards,display-signs,ADA & Braille Signs,ada-braille-signs,cmlps757a000mu96ozhs2iej6
signs-rigid-boards,display-signs,Address & House Number Signs,address-house-number-signs,cmlps74ki000au96owl1jfd2p
signs-rigid-boards,display-signs,Aluminum Composite (Dibond),aluminum-composite,cmlfdmv25000cunhoda1qr7i7
signs-rigid-boards,display-signs,Aluminum Signs,aluminum-signs,cmlfdn1d10028unhol3ipg14m
signs-rigid-boards,display-signs,Backdrop Board,backdrop-board,cmlfdnhjt007gunho1084thc9
signs-rigid-boards,display-signs,Business Hours Sign,business-hours-sign,cmlps74ve000gu96ouy4cihwi
signs-rigid-boards,display-signs,Clear Acrylic Signs,clear-acrylic-signs,cmlfdn0ua0022unhoob2ji9r3
signs-rigid-boards,display-signs,Construction Site Signs,construction-site-signs,cmlfdn298002iunhos9a5ytb9
signs-rigid-boards,display-signs,Frosted Acrylic Signs,frosted-acrylic-signs,cmlfdn10l0024unho3zpxh7xu
signs-rigid-boards,display-signs,Gatorboard Signs,gatorboard-signs,cmlfdn0bq001wunho42xx9icx
signs-rigid-boards,display-signs,Handheld Sign,handheld-sign,cmlh3qg600005unwgpycy9cdg
signs-rigid-boards,display-signs,Handheld Signs,handheld-signs,cmlfdn1q3002cunhoudqughei
signs-rigid-boards,display-signs,Menu Boards,menu-boards,cmlfdn2lc002munhovmeqhda3
signs-rigid-boards,display-signs,Parking & Property Signs,parking-property-signs,cmlfdn1wf002eunhog0w6q1w7
signs-rigid-boards,display-signs,PVC Sintra Signs,pvc-sintra-signs,cmlfdn0ht001yunhox3z7cms5
signs-rigid-boards,display-signs,QR Code Signs,qr-code-signs,cmlps74f10007u96ob7tx8fla
signs-rigid-boards,display-signs,Rigid Tags / Tickets,tags-tickets-rigid,cmlfdnidy007qunhog94ignid
signs-rigid-boards,display-signs,Safety Signs,safety-signs,cmlfdn22x002gunhojn1rabt1
signs-rigid-boards,display-signs,Standoff Mounted Signs,standoff-mounted-signs,cmlfdn2xt002qunhofb87z7xp
signs-rigid-boards,display-signs,Table Easel Display,table-easel-display,cmlh3qgtw000hunwgk7h8sl9o
signs-rigid-boards,display-signs,Tabletop Signs,rigid-tabletop-signs,cmlfiqbpf000qunfstugib4vd
signs-rigid-boards,display-signs,Tabletop Signs,tabletop-signs,cmlfdn2ri002ounhol0kxyp7o
signs-rigid-boards,display-signs,Wayfinding Signs,wayfinding-signs,cmlfdn2fa002kunho76m8nvvv
signs-rigid-boards,election-signs,Election / Campaign Sign,election-campaign-sign,cmlh3qh56000nunwgwpb8x54p
signs-rigid-boards,event-boards,Celebration & Milestone Board,event-celebration-board,cmlprswhs000gu95kilpkh2jm
signs-rigid-boards,event-boards,Custom Dry-Erase Board,dry-erase-rigid-board,cmlprsx97000vu95kodwy8jw4
signs-rigid-boards,event-boards,Face-in-Hole Photo Board,face-in-hole-board,cmlps74960004u96ohq63es9d
signs-rigid-boards,event-boards,Floor Standup Display,floor-standup-display,cmlprsxei000yu95kxqek5hzl
signs-rigid-boards,event-boards,Giant Presentation Cheque,giant-presentation-check,cmlprsw170007u95k2fuwijp6
signs-rigid-boards,event-boards,Handheld Photo Prop Board,handheld-prop-board,cmlprsx3s000su95k4ahi4omk
signs-rigid-boards,event-boards,Life-Size Cutout Standee,life-size-cutout,cmlprsvvq0004u95k8g65dmez
signs-rigid-boards,event-boards,Memorial & Tribute Board,memorial-tribute-board,cmlprswn9000ju95kq74qkpma
signs-rigid-boards,event-boards,Photo Backdrop Board,event-photo-backdrop,cmlprswy9000pu95k2o8klcz4
signs-rigid-boards,event-boards,Photo Collage Board,photo-collage-board,cmlprswsu000mu95k4ckdzr38
signs-rigid-boards,event-boards,Seating Chart Board,seating-chart-board,cmlprswc1000du95kat1vguuo
signs-rigid-boards,event-boards,Selfie Frame Board,selfie-frame-board,cmlprsvni0001u95k7szmecp8
signs-rigid-boards,event-boards,Welcome Sign Board,welcome-sign-board,cmlprsw6m000au95kn948977a
signs-rigid-boards,foam-board-signs,Custom Foam Board Sign,custom-foam-board,cmlh3qgbs0008unwgp9sxwj8m
signs-rigid-boards,foam-board-signs,Foam Board (Custom Size),foam-board,cmlfdmuw9000aunho6kk4t8hh
signs-rigid-boards,foam-board-signs,Foam Board / KT Board,rigid-foam-board-prints,cmlfiqb9l000ounfsg5w14k2x
signs-rigid-boards,foam-board-signs,Foam Board + Easel Back,foam-board-easel,cmlfdn05q001uunhom6i3nt96
signs-rigid-boards,foam-board-signs,Foam Board Prints,foam-board-prints,cmlfdmzzq001sunhoa540cu4g
signs-rigid-boards,foam-board-signs,Photo Board,photo-board,cmlh3qfx10002unwgiumrkmim
signs-rigid-boards,foam-board-signs,Tri-Fold Presentation Board,tri-fold-presentation-board,cmlps74pt000du96o2kftb0cv
signs-rigid-boards,real-estate-signs,Open House Sign Kit,open-house-sign-kit,cmlps751m000ju96on2dq6acf
signs-rigid-boards,real-estate-signs,Real Estate Agent Sign,real-estate-agent-sign,cmlfdni1g007munhobfzmbicv
signs-rigid-boards,real-estate-signs,Real Estate Rider Signs,real-estate-riders,cmlps740m0001u96oru0c7m9w
signs-rigid-boards,real-estate-signs,Real Estate Sign,real-estate-sign,cmlh3qgo8000eunwgq5owd8mz
signs-rigid-boards,yard-signs,Coroplast Signs,coroplast-signs,cmlfdmzb0001kunhohe15gdwp
signs-rigid-boards,yard-signs,Coroplast Yard Signs,yard-signs-coroplast,cmljyj13f001qunbwrrxpi3ba
signs-rigid-boards,yard-signs,Coroplast Yard Signs,coroplast-yard-signs,cmlfdmupv0008unho59e1z3ey
signs-rigid-boards,yard-signs,Directional Arrow Sign,directional-arrow-sign,cmlh3qhav000qunwgi0l61110
signs-rigid-boards,yard-signs,Directional Arrow Signs,directional-arrow-signs,cmlfdmztf001qunho8b42jn9m
signs-rigid-boards,yard-signs,Double-Sided Lawn Signs,double-sided-lawn-signs,cmlfdmznh001ounho3b5lb8a8
signs-rigid-boards,yard-signs,Lawn Signs + H-Stake,lawn-signs-h-stake,cmlfdmzh6001munho3s668saa
signs-rigid-boards,yard-signs,Yard Sign,yard-sign,cmlh3qghi000bunwgegbwrrm7
signs-rigid-boards,yard-signs,Yard Sign + H-Frame,yard-sign-h-frame,cmlfdnhpn007iunhoz3cneeef
signs-rigid-boards,yard-signs,Yard Sign Panel,yard-sign-panel-only,cmlfdnhvf007kunho0anmi4s6
stickers-labels-decals,asset-equipment-tags,Asset Tags,asset-tags-tamper-evident,cmlemoage002gu9twiulueixk
stickers-labels-decals,asset-equipment-tags,Asset Tags (QR / Barcode),asset-tags-qr-barcode,cmlemo750000iu9twyw05xcng
stickers-labels-decals,asset-equipment-tags,Bin Labels,tool-box-bin-labels,cmlemoa2i0028u9twyizduu15
stickers-labels-decals,asset-equipment-tags,Equipment Rating Plates,equipment-rating-plates,cmljyj0bv001cunbw8asssoxa
stickers-labels-decals,decals,Floor Decals,floor-decals,cmlfdmxqr0012unhob1jok4vu
stickers-labels-decals,decals,Wall Decals,wall-decals,cmlfdmxx30014unhoz6whcwwz
stickers-labels-decals,decals,Window Decals,window-decals,cmlfdmy3e0016unho5emdtl8j
stickers-labels-decals,die-cut-stickers,Clear Stickers (Singles),clear-singles,cmlfdmujx0006unho0xffe4cg
stickers-labels-decals,die-cut-stickers,Color on Clear Stickers,stickers-color-on-clear,cmlfdnhcr007eunhouh3lgh08
stickers-labels-decals,die-cut-stickers,Color on White Stickers,stickers-color-on-white,cmlfdnh6v007cunhov2qi77br
stickers-labels-decals,die-cut-stickers,Custom Die-Cut Stickers,stickers-die-cut-custom,cmljyj0tm001lunbw17hwwyev
stickers-labels-decals,die-cut-stickers,Die-Cut Stickers,die-cut-stickers,cmlfdmvrr000kunhocj4h4dlt
stickers-labels-decals,die-cut-stickers,Die-Cut Stickers,stickers-single-diecut,cmlfdnftp006wunhoxtund40m
stickers-labels-decals,die-cut-stickers,Die-Cut Stickers (Singles),die-cut-singles,cmlfdmtxe0000unhorgrvvyid
stickers-labels-decals,die-cut-stickers,Foil Stickers,foil-stickers,cmlfdmwgd000sunhoz994raoq
stickers-labels-decals,die-cut-stickers,Heavy Duty Outdoor Vinyl Stickers,heavy-duty-vinyl-stickers,cmlfdmxkt0010unhour65sf2i
stickers-labels-decals,die-cut-stickers,Holographic Singles,holographic-singles,cmlfdmudv0004unhoblt0gj96
stickers-labels-decals,die-cut-stickers,Holographic Stickers,holographic-stickers,cmlfdmwah000qunhodjgvob4q
stickers-labels-decals,electrical-cable-labels,Electrical Panel Directory Labels,electrical-panel-labels,cmljyj01t0017unbwgymwvviy
stickers-labels-decals,electrical-cable-labels,Panel Labels,cable-panel-labels,cmlemoa5t002au9twvru8mjty
stickers-labels-decals,electrical-chemical,Arc Flash Warning Labels,arc-flash-labels,cmljyizbo000uunbwvhl0de54
stickers-labels-decals,electrical-chemical,Chemical Storage Cabinet Labels,chemical-storage-labels,cmljyizfo000wunbw0bgjjiwd
stickers-labels-decals,electrical-chemical,High Voltage Warning Signs,high-voltage-warning-signs,cmljyizi0000xunbw4ttimsnz
stickers-labels-decals,electrical-chemical,Lockout/Tagout Labels,lockout-tagout-labels,cmljyiz9r000tunbwqkhizqph
stickers-labels-decals,electrical-chemical,WHMIS Workplace Labels,whmis-workplace-labels,cmljyizq00011unbwz1u3j7lr
stickers-labels-decals,fire-emergency,Emergency Exit Signs,emergency-exit-egress-signs-set,cmlemo9lh001yu9tw6agto8bi
stickers-labels-decals,fire-emergency,Fire Extinguisher Stickers,fire-extinguisher-location-stickers,cmlemo97i001qu9tw0yk6mssr
stickers-labels-decals,fire-emergency,First Aid Stickers,first-aid-location-stickers,cmlemo9au001su9twofgc3ltn
stickers-labels-decals,hazard-warning,Confined Space Warning Signs,confined-space-warning-signs,cmljyiz7u000sunbwwnzmfhs2
stickers-labels-decals,hazard-warning,Hazard GHS Labels,hazard-ghs-labels,cmlemo9hr001wu9tw1v2grgp6
stickers-labels-decals,hazard-warning,No Smoking Decals,no-smoking-decals-set,cmlemo90p001mu9twz78pzhlg
stickers-labels-decals,hazard-warning,Parking Lot Stencils,parking-lot-stencils,cmljyj03r0018unbwmlqvof4d
stickers-labels-decals,hazard-warning,Safety Notice Pack,safety-notice-decal-pack,cmlemo943001ou9twp7j1qe01
stickers-labels-decals,hazard-warning,Slip & Trip Hazard Signs,slip-trip-hazard-signs,cmljyizjw000yunbwldj0rk6b
stickers-labels-decals,kiss-cut-singles,Removable Stickers,removable-stickers,cmlfdmxem000yunhoizsw3h3s
stickers-labels-decals,pipe-valve-labels,Colour-Coded Pipe Markers,pipe-markers-color-coded,cmljyizrx0012unbwxxjq7mkd
stickers-labels-decals,pipe-valve-labels,Custom Pipe Markers,pipe-markers-custom,cmljyiztv0013unbwa2wkdmjx
stickers-labels-decals,pipe-valve-labels,Engraved Valve Tags,valve-tags-engraved,cmljyizvu0014unbwr1avwboy
stickers-labels-decals,ppe-equipment,Crane & Lift Capacity Labels,crane-lift-capacity-labels,cmljyizny0010unbwapfbnj1z
stickers-labels-decals,ppe-equipment,Forklift Safety Decal Kit,forklift-safety-decals,cmljyizdn000vunbw1m3kyv7j
stickers-labels-decals,ppe-equipment,Hard Hat Stickers,ppe-hard-hat-stickers,cmlemo9eb001uu9tw1gugbk0a
stickers-labels-decals,ppe-equipment,PPE Required Signs,ppe-required-signs,cmljyizlu000zunbwnl8z3y17
stickers-labels-decals,specialty,Magnets,magnets-flexible,cmlfdnh0m007aunho8vfojzmj
stickers-labels-decals,sticker-pages,Kiss-Cut Sticker Sheets,kiss-cut-sticker-sheets,cmlfdmvkg000iunhodui9va5t
stickers-labels-decals,sticker-pages,Multi on Sheet,stickers-multi-on-sheet,cmlfdng5r0070unhozxtomcsk
stickers-labels-decals,sticker-pages,Sticker Packs,sticker-packs,cmlfdmz52001iunho9n97zult
stickers-labels-decals,sticker-pages,Sticker Sheets (12x18),sticker-sheets,cmlfdmu7n0002unhotyzm161p
stickers-labels-decals,sticker-pages,Sticker Sheets (Kiss-Cut),stickers-sheet-kisscut,cmlfdnfzo006yunho8eh62woq
stickers-labels-decals,sticker-rolls,Barcode Labels,barcode-labels,cmlfdmymm001cunhosu0jmu7d
stickers-labels-decals,sticker-rolls,Clear Labels,labels-clear,cmlfdngbp0072unho3l5pps4x
stickers-labels-decals,sticker-rolls,Clear Labels,clear-labels,cmlfdmvxr000munhoc3vxc1vc
stickers-labels-decals,sticker-rolls,Freezer Labels,freezer-labels,cmlfdmx85000wunho7xx42o3y
stickers-labels-decals,sticker-rolls,Kraft Paper Labels,kraft-paper-labels,cmlfdmwme000uunho6uo5g95t
stickers-labels-decals,sticker-rolls,QR Code Labels,qr-code-labels,cmlfdmysa001eunhocb02fjf6
stickers-labels-decals,sticker-rolls,Roll Labels,labels-roll-quote,cmlfdngnh0076unho50j9ahzs
stickers-labels-decals,sticker-rolls,Roll Labels,roll-labels,cmlfdmyyn001gunho1k6gjihg
stickers-labels-decals,sticker-rolls,Roll Labels,stickers-roll-labels,cmljyj0vj001munbw5umy8t8l
stickers-labels-decals,sticker-rolls,White BOPP Labels,white-bopp-labels,cmlfdmw4b000ounho32magz79
stickers-labels-decals,sticker-rolls,White BOPP Labels,labels-white-bopp,cmlfdnghm0074unhop9k4fl66
stickers-labels-decals,vinyl-lettering,Transfer Vinyl Lettering,transfer-vinyl-lettering,cmlfdmyg7001aunhocj218q93
stickers-labels-decals,vinyl-lettering,Vinyl Lettering,vinyl-lettering,cmlfdngth0078unho7l4i15xp
stickers-labels-decals,warehouse-labels,Hanging Aisle Markers,aisle-markers-hanging,cmljyizzx0016unbwpkcyuxxo
stickers-labels-decals,warehouse-labels,Loading Dock Door Numbers,dock-door-numbers,cmljyj0ds001dunbwxw3jiwgy
stickers-labels-decals,warehouse-labels,Warehouse Rack Labels,rack-labels-warehouse,cmljyizxv0015unbwi4xl0tmn
stickers-labels-decals,warehouse-labels,Warehouse Zone Labels,warehouse-zone-labels,cmlemo9z00026u9tw1dp50etz
vehicle-graphics-fleet,door-panel-graphics,Car Hood Decal,car-hood-decal,cmljyiyrh000kunbw5r5t5ea9
vehicle-graphics-fleet,door-panel-graphics,Custom Truck Door Lettering Kit,custom-truck-door-lettering-kit,cmlemo78l000ku9tw9gmv1ri9
vehicle-graphics-fleet,door-panel-graphics,Printed Truck Door Decals,printed-truck-door-decals-full-color,cmlemo7fn000ou9twect2jwoy
vehicle-graphics-fleet,door-panel-graphics,Tailgate Decal,tailgate-rear-door-printed-decal,cmlemo8db0018u9tw00b4wpp3
vehicle-graphics-fleet,door-panel-graphics,Truck Side Panel Decal,truck-side-panel-printed-decal,cmlemo8gp001au9twbl37e2je
vehicle-graphics-fleet,dot-mc-numbers,CVOR Number Decals,cvor-number-decals,cmlemo6ds0002u9twgroystp9
vehicle-graphics-fleet,dot-mc-numbers,MC Number Decals,mc-number-decals,cmljyiy7i000aunbwfv15ps6a
vehicle-graphics-fleet,dot-mc-numbers,NSC Number Decals,nsc-number-decals,cmljyiy9n000bunbw8yjs5iex
vehicle-graphics-fleet,dot-mc-numbers,Trailer ID Number Decals,trailer-id-number-decals,cmljyiyff000eunbw4fab7e31
vehicle-graphics-fleet,dot-mc-numbers,TSSA Truck Number Lettering (Cut Vinyl),tssa-truck-number-lettering-cut-vinyl,cmlemo6810000u9tw2fciz0u9
vehicle-graphics-fleet,dot-mc-numbers,US DOT Number Decals,usdot-number-decals,cmlemo6h90004u9twcflk5cup
vehicle-graphics-fleet,fleet-packages,Fleet Graphic Package,fleet-graphic-package,cmljyiyvf000munbwuj4poaz1
vehicle-graphics-fleet,fleet-packages,Rear Chevron Kit,high-visibility-rear-chevron-kit,cmlemo8qr001gu9tw5nh1imni
vehicle-graphics-fleet,fleet-packages,Reflective Conspicuity Tape,reflective-conspicuity-tape-kit,cmlemo8ne001eu9twj4lm22zr
vehicle-graphics-fleet,fleet-packages,Reflective Safety Stripes,reflective-safety-stripes-kit,cmlemo8u4001iu9twzex090xu
vehicle-graphics-fleet,fleet-packages,Stay Back Warning,stay-back-warning-decals,cmlemo8xf001ku9tw1gc24kcm
vehicle-graphics-fleet,inspection-compliance,Fleet Vehicle Inspection Book,fleet-vehicle-inspection-book,cmljyiylg000hunbwn7nvyczg
vehicle-graphics-fleet,inspection-compliance,Hours of Service Log Holder,hours-of-service-log-holder,cmljyiyjg000gunbwduu1g3eh
vehicle-graphics-fleet,inspection-compliance,IFTA Cab Card Holder Decal,ifta-cab-card-holder,cmljyiybj000cunbw5kl05p44
vehicle-graphics-fleet,inspection-compliance,Truck Door Compliance Kit,truck-door-compliance-kit,cmljyiydf000dunbwcl6zowsk
vehicle-graphics-fleet,inspection-compliance,Vehicle Inspection Stickers,vehicle-inspection-maintenance-stickers,cmlemo6ya000eu9twkbx9wng1
vehicle-graphics-fleet,magnetic-signs,Car Door Magnets (Pair),car-door-magnets-pair,cmljyiypf000junbwn7m6zqsu
vehicle-graphics-fleet,magnetic-signs,Magnetic Car Signs,magnetic-car-signs,cmlfdn1jw002aunhovwa15ao3
vehicle-graphics-fleet,magnetic-signs,Magnetic Rooftop Car Topper,magnetic-rooftop-sign,cmljyiz5y000runbwh0wqn0zh
vehicle-graphics-fleet,magnetic-signs,Magnetic Truck Door Signs,magnetic-truck-door-signs,cmlemo7pr000uu9tw5e3jtpsp
vehicle-graphics-fleet,spec-labels,Dangerous Goods Placards,dangerous-goods-placards,cmljyiyhd000funbwprynzzwt
vehicle-graphics-fleet,spec-labels,Fuel Type Labels (Diesel / Gas),fuel-type-labels-diesel-gas,cmlemo6ri000au9tw5ofitbys
vehicle-graphics-fleet,spec-labels,Tire Pressure / Load Labels,tire-pressure-load-labels,cmlemo6ux000cu9tw16x5ufnq
vehicle-graphics-fleet,unit-weight-ids,Equipment ID Decals,equipment-id-decals-cut-vinyl,cmlemo71o000gu9twf1bcbz7e
vehicle-graphics-fleet,unit-weight-ids,Fleet Unit Number Stickers,fleet-unit-number-stickers,cmlemo6ko0006u9tw7c79ef3z
vehicle-graphics-fleet,unit-weight-ids,GVW / Tare Weight Lettering,gvw-tare-weight-lettering,cmlemo6o00008u9twusrsacpw
vehicle-graphics-fleet,vehicle-decals,Boat Registration Lettering,boat-lettering-registration,cmljyiz1x000punbw8u1es1lh
vehicle-graphics-fleet,vehicle-decals,Custom Bumper Sticker,bumper-sticker-custom,cmljyiytg000lunbwjwnnldw5
vehicle-graphics-fleet,vehicle-decals,Custom Cut Vinyl Lettering,custom-cut-vinyl-lettering-any-text,cmlemo7wf000yu9twz1eeeka9
vehicle-graphics-fleet,vehicle-decals,Custom Van Logo Decals,custom-printed-vehicle-logo-decals,cmlemo7c0000mu9tw8s6awhzu
vehicle-graphics-fleet,vehicle-decals,Long-Term Outdoor Decals,long-term-outdoor-vehicle-decals,cmlemo86j0014u9tw9tfcb3bo
vehicle-graphics-fleet,vehicle-decals,Removable Promo Decals,removable-promo-vehicle-decals,cmlemo8370012u9twdjmtn228
vehicle-graphics-fleet,vehicle-decals,Social Media QR Decals,social-qr-vehicle-decals,cmlemo7t4000wu9twc9aexc6s
vehicle-graphics-fleet,vehicle-graphics,Car Graphics,car-graphics,cmlfdnmac008yunhoh4pk3ya3
vehicle-graphics-fleet,vehicle-wraps,53ft Trailer Full Wrap,trailer-full-wrap,cmljyiyzf000ounbwdzbffhxq
vehicle-graphics-fleet,vehicle-wraps,Full Vehicle Wrap (Design + Print),full-vehicle-wrap-design-print,cmljyiynf000iunbwy1upurue
vehicle-graphics-fleet,vehicle-wraps,Partial Wrap Graphics,partial-wrap-spot-graphics,cmlemo89w0016u9twnxkena8c
vehicle-graphics-fleet,vehicle-wraps,Trailer Large Graphics,trailer-box-truck-large-graphics,cmlemo7mf000su9twa394kfww
vehicle-graphics-fleet,vehicle-wraps,Vehicle Roof Wrap,vehicle-roof-wrap,cmljyiyxh000nunbw9z4i02jf
vehicle-graphics-fleet,vehicle-wraps,Vehicle Wrap (Print Only),vehicle-wrap-print-only-quote,cmlemo8k0001cu9twnnn19nfi
windows-walls-floors,adhesive-films,Colour + White + Colour on Clear Vinyl,color-white-color-clear-vinyl,cmllehlrk000aung866hru08p
windows-walls-floors,adhesive-films,Colour + White on Clear Vinyl,color-white-on-clear-vinyl,cmllehllz0008ung8shujrjzj
windows-walls-floors,adhesive-films,Frosted Matte Window Film,frosted-matte-window-film,cmllehlan0004ung8wfayqy0k
windows-walls-floors,adhesive-films,Holographic Iridescent Film,holographic-iridescent-film,cmllehlg40006ung8i984s3cb
windows-walls-floors,floor-graphics,Custom Floor Logo Graphic,floor-logo-graphic,cmljyj09n001bunbwtoelfxzi
windows-walls-floors,floor-graphics,Floor Arrows,floor-direction-arrows-set,cmlemo9s70022u9tw1zfy17sf
windows-walls-floors,floor-graphics,Floor Graphics,floor-graphics,cmlfdn872004eunho19yzq9lh
windows-walls-floors,floor-graphics,Floor Graphics,lf-floor-graphics,cmlfiqecm0016unfsuo516smf
windows-walls-floors,floor-graphics,Floor Number Markers,floor-number-markers-set,cmlemo9vm0024u9tweqx4wnvn
windows-walls-floors,floor-graphics,Warehouse Floor Graphics,warehouse-floor-safety-graphics,cmlemo9ot0020u9twb9bw7p84
windows-walls-floors,one-way-vision,One-Way Vision Graphics,one-way-vision-graphics,cmlfdn7uv004aunho0enqanyu
windows-walls-floors,one-way-vision,Perforated Window Film,perforated-window-film,cmlfdmy9q0018unhotdf9ug9t
windows-walls-floors,one-way-vision,Perforated Window Graphics,window-graphics-perforated,cmllehlxd000cung8ugk71vrk
windows-walls-floors,one-way-vision,Perforated Window Tint Graphic,vehicle-window-tint-graphic,cmljyiz41000qunbwst9xzkfs
windows-walls-floors,privacy-films,Frosted Privacy Film,frosted-privacy-window-film,cmlemoacx002eu9tw090llgrq
windows-walls-floors,privacy-films,Frosted Privacy Film,frosted-privacy-film,cmlfdn7il0046unho9prbq079
windows-walls-floors,static-clings,Clear Static Cling,clear-static-cling,cmllehkvg0000ung8w92relvp
windows-walls-floors,static-clings,Frosted Static Cling,frosted-static-cling,cmllehl540002ung8btuqajl2
windows-walls-floors,wall-graphics,Custom Wall Mural,wall-mural-graphic,cmljyj07p001aunbw1afhsfu2
windows-walls-floors,wall-graphics,Wall Graphics,wall-graphics,cmlfdnm48008wunho9wrv9221
windows-walls-floors,wall-graphics,Wall Murals,wall-murals,cmlfdn80y004cunhopywnikhc
windows-walls-floors,window-graphics,Frosted Film,window-frosted,cmlfdnlqy008sunhoft1303y4
windows-walls-floors,window-graphics,Full Window Graphics,full-window-graphics,cmlfdn7or0048unhoilwzimj5
windows-walls-floors,window-graphics,Perforated Window Film,window-perforated,cmlfdnlxa008uunholb43jfyq
windows-walls-floors,window-graphics,Window Graphics,window-graphics,cmlfdnll1008qunhofrjihpnl
windows-walls-floors,window-lettering,Business Window Lettering,window-lettering-business,cmljyj05p0019unbwn3wddmy0
windows-walls-floors,window-lettering,Storefront Hours Decal,storefront-hours-door-decal-cut-vinyl,cmlemoa9i002cu9tw93yraqjw
windows-walls-floors,window-lettering,Window Cut Vinyl Lettering,window-cut-vinyl-lettering,cmllehm32000eung8g0e0zc0t
windows-walls-floors,window-lettering,Window Lettering,window-lettering-cut-vinyl,cmlemo7zt0010u9twic8x18ti
